"Name","Location","Date","Value","Unit"
"Adjusted Weight Degree-Days (AWDD)","Adjusted Weight Degree-Days (AWDD)",2023-01-01,8.47,"DegC"
"Adjusted Weight Degree-Days (AWDD)","Adjusted Weight Degree-Days (AWDD)",2023-01-02,10.22,"DegC"
"Adjusted Weight Degree-Days (AWDD)","Adjusted Weight Degree-Days (AWDD)",2023-01-03,9.19,"DegC"
"Adjusted Weight Degree-Days (AWDD)","Adjusted Weight Degree-Days (AWDD)",2023-01-04,8.68,"DegC"
"Adjusted Weight Degree-Days (AWDD)","Adjusted Weight Degree-Days (AWDD)",2023-01-05,8.7,"DegC"
"Adjusted Weight Degree-Days (AWDD)","Adjusted Weight Degree-Days (AWDD)",2023-01-06,9.27,"DegC"
"Adjusted Weight Degree-Days (AWDD)","Adjusted Weight Degree-Days (AWDD)",2023-01-07,8.32,"DegC"
"Adjusted Weight Degree-Days (AWDD)","Adjusted Weight Degree-Days (AWDD)",2023-01-08,8.84,"DegC"
"Adjusted Weight Degree-Days (AWDD)","Adjusted Weight Degree-Days (AWDD)",2023-01-09,11.01,"DegC"
"Adjusted Weight Degree-Days (AWDD)","Adjusted Weight Degree-Days (AWDD)",2023-01-10,9.63,"DegC"
"Adjusted Weight Degree-Days (AWDD)","Adjusted Weight Degree-Days (AWDD)",2023-01-11,10.67,"DegC"
"Adjusted Weight Degree-Days (AWDD)","Adjusted Weight Degree-Days (AWDD)",2023-01-12,10.32,"DegC"
"Adjusted Weight Degree-Days (AWDD)","Adjusted Weight Degree-Days (AWDD)",2023-01-13,10.27,"DegC"
"Adjusted Weight Degree-Days (AWDD)","Adjusted Weight Degree-Days (AWDD)",2023-01-14,9.78,"DegC"
"Adjusted Weight Degree-Days (AWDD)","Adjusted Weight Degree-Days (AWDD)",2023-01-15,10.26,"DegC"
"Adjusted Weight Degree-Days (AWDD)","Adjusted Weight Degree-Days (AWDD)",2023-01-16,12.73,"DegC"
"Adjusted Weight Degree-Days (AWDD)","Adjusted Weight Degree-Days (AWDD)",2023-01-17,13.87,"DegC"
"Adjusted Weight Degree-Days (AWDD)","Adjusted Weight Degree-Days (AWDD)",2023-01-18,13.71,"DegC"
"Adjusted Weight Degree-Days (AWDD)","Adjusted Weight Degree-Days (AWDD)",2023-01-19,13.15,"DegC"
"Adjusted Weight Degree-Days (AWDD)","Adjusted Weight Degree-Days (AWDD)",2023-01-20,12.77,"DegC"
"Adjusted Weight Degree-Days (AWDD)","Adjusted Weight Degree-Days (AWDD)",2023-01-21,10.03,"DegC"
"Adjusted Weight Degree-Days (AWDD)","Adjusted Weight Degree-Days (AWDD)",2023-01-22,8.49,"DegC"
"Adjusted Weight Degree-Days (AWDD)","Adjusted Weight Degree-Days (AWDD)",2023-01-23,9.12,"DegC"
"Adjusted Weight Degree-Days (AWDD)","Adjusted Weight Degree-Days (AWDD)",2023-01-24,8.96,"DegC"
"Adjusted Weight Degree-Days (AWDD)","Adjusted Weight Degree-Days (AWDD)",2023-01-25,9.35,"DegC"
"Adjusted Weight Degree-Days (AWDD)","Adjusted Weight Degree-Days (AWDD)",2023-01-26,10.19,"DegC"
"Adjusted Weight Degree-Days (AWDD)","Adjusted Weight Degree-Days (AWDD)",2023-01-27,10.42,"DegC"
"Adjusted Weight Degree-Days (AWDD)","Adjusted Weight Degree-Days (AWDD)",2023-01-28,9.59,"DegC"
"Adjusted Weight Degree-Days (AWDD)","Adjusted Weight Degree-Days (AWDD)",2023-01-29,8.91,"DegC"
"Adjusted Weight Degree-Days (AWDD)","Adjusted Weight Degree-Days (AWDD)",2023-01-30,10.27,"DegC"
"Adjusted Weight Degree-Days (AWDD)","Adjusted Weight Degree-Days (AWDD)",2023-01-31,10.05,"DegC"
"Adjusted Weight Degree-Days (AWDD)","Adjusted Weight Degree-Days (AWDD)",2023-02-01,9.98,"DegC"
"Adjusted Weight Degree-Days (AWDD)","Adjusted Weight Degree-Days (AWDD)",2023-02-02,9.34,"DegC"
"Adjusted Weight Degree-Days (AWDD)","Adjusted Weight Degree-Days (AWDD)",2023-02-03,8.29,"DegC"
"Adjusted Weight Degree-Days (AWDD)","Adjusted Weight Degree-Days (AWDD)",2023-02-04,7.96,"DegC"
"Adjusted Weight Degree-Days (AWDD)","Adjusted Weight Degree-Days (AWDD)",2023-02-05,8.97,"DegC"
"Adjusted Weight Degree-Days (AWDD)","Adjusted Weight Degree-Days (AWDD)",2023-02-06,9.36,"DegC"
"Adjusted Weight Degree-Days (AWDD)","Adjusted Weight Degree-Days (AWDD)",2023-02-07,9.5,"DegC"
"Adjusted Weight Degree-Days (AWDD)","Adjusted Weight Degree-Days (AWDD)",2023-02-08,10.13,"DegC"
"Adjusted Weight Degree-Days (AWDD)","Adjusted Weight Degree-Days (AWDD)",2023-02-09,10.35,"DegC"
"Adjusted Weight Degree-Days (AWDD)","Adjusted Weight Degree-Days (AWDD)",2023-02-10,9.58,"DegC"
"Adjusted Weight Degree-Days (AWDD)","Adjusted Weight Degree-Days (AWDD)",2023-02-11,7.95,"DegC"
"Adjusted Weight Degree-Days (AWDD)","Adjusted Weight Degree-Days (AWDD)",2023-02-12,7.72,"DegC"
"Adjusted Weight Degree-Days (AWDD)","Adjusted Weight Degree-Days (AWDD)",2023-02-13,8.89,"DegC"
"Adjusted Weight Degree-Days (AWDD)","Adjusted Weight Degree-Days (AWDD)",2023-02-14,8.28,"DegC"
"Adjusted Weight Degree-Days (AWDD)","Adjusted Weight Degree-Days (AWDD)",2023-02-15,8.52,"DegC"
"Adjusted Weight Degree-Days (AWDD)","Adjusted Weight Degree-Days (AWDD)",2023-02-16,7.85,"DegC"
"Adjusted Weight Degree-Days (AWDD)","Adjusted Weight Degree-Days (AWDD)",2023-02-17,7.26,"DegC"
"Adjusted Weight Degree-Days (AWDD)","Adjusted Weight Degree-Days (AWDD)",2023-02-18,6.79,"DegC"
"Adjusted Weight Degree-Days (AWDD)","Adjusted Weight Degree-Days (AWDD)",2023-02-19,6.61,"DegC"
"Adjusted Weight Degree-Days (AWDD)","Adjusted Weight Degree-Days (AWDD)",2023-02-20,7.36,"DegC"
"Adjusted Weight Degree-Days (AWDD)","Adjusted Weight Degree-Days (AWDD)",2023-02-21,7.28,"DegC"
"Adjusted Weight Degree-Days (AWDD)","Adjusted Weight Degree-Days (AWDD)",2023-02-22,9.38,"DegC"
"Adjusted Weight Degree-Days (AWDD)","Adjusted Weight Degree-Days (AWDD)",2023-02-23,9.44,"DegC"
"Adjusted Weight Degree-Days (AWDD)","Adjusted Weight Degree-Days (AWDD)",2023-02-24,9.2,"DegC"
"Adjusted Weight Degree-Days (AWDD)","Adjusted Weight Degree-Days (AWDD)",2023-02-25,8.77,"DegC"
"Adjusted Weight Degree-Days (AWDD)","Adjusted Weight Degree-Days (AWDD)",2023-02-26,8.6,"DegC"
"Adjusted Weight Degree-Days (AWDD)","Adjusted Weight Degree-Days (AWDD)",2023-02-27,10.24,"DegC"
"Adjusted Weight Degree-Days (AWDD)","Adjusted Weight Degree-Days (AWDD)",2023-02-28,10.3,"DegC"
"Adjusted Weight Degree-Days (AWDD)","Adjusted Weight Degree-Days (AWDD)",2023-03-01,9.95,"DegC"
"Adjusted Weight Degree-Days (AWDD)","Adjusted Weight Degree-Days (AWDD)",2023-03-02,9.91,"DegC"
"Adjusted Weight Degree-Days (AWDD)","Adjusted Weight Degree-Days (AWDD)",2023-03-03,10.25,"DegC"
"Adjusted Weight Degree-Days (AWDD)","Adjusted Weight Degree-Days (AWDD)",2023-03-04,9.65,"DegC"
"Adjusted Weight Degree-Days (AWDD)","Adjusted Weight Degree-Days (AWDD)",2023-03-05,8.67,"DegC"
"Adjusted Weight Degree-Days (AWDD)","Adjusted Weight Degree-Days (AWDD)",2023-03-06,10.69,"DegC"
"Adjusted Weight Degree-Days (AWDD)","Adjusted Weight Degree-Days (AWDD)",2023-03-07,10.76,"DegC"
"Adjusted Weight Degree-Days (AWDD)","Adjusted Weight Degree-Days (AWDD)",2023-03-08,12.18,"DegC"
"Adjusted Weight Degree-Days (AWDD)","Adjusted Weight Degree-Days (AWDD)",2023-03-09,13.5,"DegC"
"Adjusted Weight Degree-Days (AWDD)","Adjusted Weight Degree-Days (AWDD)",2023-03-10,12.06,"DegC"
"Adjusted Weight Degree-Days (AWDD)","Adjusted Weight Degree-Days (AWDD)",2023-03-11,10.53,"DegC"
"Adjusted Weight Degree-Days (AWDD)","Adjusted Weight Degree-Days (AWDD)",2023-03-12,7.83,"DegC"
"Adjusted Weight Degree-Days (AWDD)","Adjusted Weight Degree-Days (AWDD)",2023-03-13,8.94,"DegC"
"Adjusted Weight Degree-Days (AWDD)","Adjusted Weight Degree-Days (AWDD)",2023-03-14,10.52,"DegC"
"Adjusted Weight Degree-Days (AWDD)","Adjusted Weight Degree-Days (AWDD)",2023-03-15,10.92,"DegC"
"Adjusted Weight Degree-Days (AWDD)","Adjusted Weight Degree-Days (AWDD)",2023-03-16,7.48,"DegC"
"Adjusted Weight Degree-Days (AWDD)","Adjusted Weight Degree-Days (AWDD)",2023-03-17,7,"DegC"
"Adjusted Weight Degree-Days (AWDD)","Adjusted Weight Degree-Days (AWDD)",2023-03-18,6.89,"DegC"
"Adjusted Weight Degree-Days (AWDD)","Adjusted Weight Degree-Days (AWDD)",2023-03-19,7.95,"DegC"
"Adjusted Weight Degree-Days (AWDD)","Adjusted Weight Degree-Days (AWDD)",2023-03-20,7.39,"DegC"
"Adjusted Weight Degree-Days (AWDD)","Adjusted Weight Degree-Days (AWDD)",2023-03-21,7.68,"DegC"
"Adjusted Weight Degree-Days (AWDD)","Adjusted Weight Degree-Days (AWDD)",2023-03-22,7.74,"DegC"
"Adjusted Weight Degree-Days (AWDD)","Adjusted Weight Degree-Days (AWDD)",2023-03-23,7.58,"DegC"
"Adjusted Weight Degree-Days (AWDD)","Adjusted Weight Degree-Days (AWDD)",2023-03-24,8.01,"DegC"
"Adjusted Weight Degree-Days (AWDD)","Adjusted Weight Degree-Days (AWDD)",2023-03-25,6.26,"DegC"
"Adjusted Weight Degree-Days (AWDD)","Adjusted Weight Degree-Days (AWDD)",2023-03-26,6.91,"DegC"
"Adjusted Weight Degree-Days (AWDD)","Adjusted Weight Degree-Days (AWDD)",2023-03-27,8.5,"DegC"
"Adjusted Weight Degree-Days (AWDD)","Adjusted Weight Degree-Days (AWDD)",2023-03-28,7.39,"DegC"
"Adjusted Weight Degree-Days (AWDD)","Adjusted Weight Degree-Days (AWDD)",2023-03-29,6.14,"DegC"
"Adjusted Weight Degree-Days (AWDD)","Adjusted Weight Degree-Days (AWDD)",2023-03-30,5.87,"DegC"
"Adjusted Weight Degree-Days (AWDD)","Adjusted Weight Degree-Days (AWDD)",2023-03-31,6.81,"DegC"
"Adjusted Weight Degree-Days (AWDD)","Adjusted Weight Degree-Days (AWDD)",2023-04-01,6.18,"DegC"
"Adjusted Weight Degree-Days (AWDD)","Adjusted Weight Degree-Days (AWDD)",2023-04-02,5.69,"DegC"
"Adjusted Weight Degree-Days (AWDD)","Adjusted Weight Degree-Days (AWDD)",2023-04-03,7.02,"DegC"
"Adjusted Weight Degree-Days (AWDD)","Adjusted Weight Degree-Days (AWDD)",2023-04-04,6.76,"DegC"
"Adjusted Weight Degree-Days (AWDD)","Adjusted Weight Degree-Days (AWDD)",2023-04-05,6.01,"DegC"
"Adjusted Weight Degree-Days (AWDD)","Adjusted Weight Degree-Days (AWDD)",2023-04-06,5.92,"DegC"
"Adjusted Weight Degree-Days (AWDD)","Adjusted Weight Degree-Days (AWDD)",2023-04-07,5.83,"DegC"
"Adjusted Weight Degree-Days (AWDD)","Adjusted Weight Degree-Days (AWDD)",2023-04-08,5.15,"DegC"
"Adjusted Weight Degree-Days (AWDD)","Adjusted Weight Degree-Days (AWDD)",2023-04-09,5.5,"DegC"
"Adjusted Weight Degree-Days (AWDD)","Adjusted Weight Degree-Days (AWDD)",2023-04-10,6.23,"DegC"
"Adjusted Weight Degree-Days (AWDD)","Adjusted Weight Degree-Days (AWDD)",2023-04-11,8.4,"DegC"
"Adjusted Weight Degree-Days (AWDD)","Adjusted Weight Degree-Days (AWDD)",2023-04-12,9.62,"DegC"
"Adjusted Weight Degree-Days (AWDD)","Adjusted Weight Degree-Days (AWDD)",2023-04-13,7.57,"DegC"
"Adjusted Weight Degree-Days (AWDD)","Adjusted Weight Degree-Days (AWDD)",2023-04-14,6.78,"DegC"
"Adjusted Weight Degree-Days (AWDD)","Adjusted Weight Degree-Days (AWDD)",2023-04-15,6.42,"DegC"
"Adjusted Weight Degree-Days (AWDD)","Adjusted Weight Degree-Days (AWDD)",2023-04-16,4.36,"DegC"
"Adjusted Weight Degree-Days (AWDD)","Adjusted Weight Degree-Days (AWDD)",2023-04-17,4.62,"DegC"
"Adjusted Weight Degree-Days (AWDD)","Adjusted Weight Degree-Days (AWDD)",2023-04-18,4.67,"DegC"
"Adjusted Weight Degree-Days (AWDD)","Adjusted Weight Degree-Days (AWDD)",2023-04-19,5.94,"DegC"
"Adjusted Weight Degree-Days (AWDD)","Adjusted Weight Degree-Days (AWDD)",2023-04-20,5.23,"DegC"
"Adjusted Weight Degree-Days (AWDD)","Adjusted Weight Degree-Days (AWDD)",2023-04-21,5.77,"DegC"
"Adjusted Weight Degree-Days (AWDD)","Adjusted Weight Degree-Days (AWDD)",2023-04-22,6.02,"DegC"
"Adjusted Weight Degree-Days (AWDD)","Adjusted Weight Degree-Days (AWDD)",2023-04-23,5.1,"DegC"
"Adjusted Weight Degree-Days (AWDD)","Adjusted Weight Degree-Days (AWDD)",2023-04-24,7.07,"DegC"
"Adjusted Weight Degree-Days (AWDD)","Adjusted Weight Degree-Days (AWDD)",2023-04-25,7.05,"DegC"
"Adjusted Weight Degree-Days (AWDD)","Adjusted Weight Degree-Days (AWDD)",2023-04-26,5.9,"DegC"
"Adjusted Weight Degree-Days (AWDD)","Adjusted Weight Degree-Days (AWDD)",2023-04-27,6.04,"DegC"
"Adjusted Weight Degree-Days (AWDD)","Adjusted Weight Degree-Days (AWDD)",2023-04-28,4.84,"DegC"
"Adjusted Weight Degree-Days (AWDD)","Adjusted Weight Degree-Days (AWDD)",2023-04-29,3.75,"DegC"
"Adjusted Weight Degree-Days (AWDD)","Adjusted Weight Degree-Days (AWDD)",2023-04-30,3.21,"DegC"
"Adjusted Weight Degree-Days (AWDD)","Adjusted Weight Degree-Days (AWDD)",2023-05-01,3.45,"DegC"
"Adjusted Weight Degree-Days (AWDD)","Adjusted Weight Degree-Days (AWDD)",2023-05-02,3.67,"DegC"
"Adjusted Weight Degree-Days (AWDD)","Adjusted Weight Degree-Days (AWDD)",2023-05-03,3.67,"DegC"
"Adjusted Weight Degree-Days (AWDD)","Adjusted Weight Degree-Days (AWDD)",2023-05-04,4.61,"DegC"
"Adjusted Weight Degree-Days (AWDD)","Adjusted Weight Degree-Days (AWDD)",2023-05-05,3.45,"DegC"
"Adjusted Weight Degree-Days (AWDD)","Adjusted Weight Degree-Days (AWDD)",2023-05-06,2.96,"DegC"
"Adjusted Weight Degree-Days (AWDD)","Adjusted Weight Degree-Days (AWDD)",2023-05-07,2.77,"DegC"
"Adjusted Weight Degree-Days (AWDD)","Adjusted Weight Degree-Days (AWDD)",2023-05-08,2.87,"DegC"
"Adjusted Weight Degree-Days (AWDD)","Adjusted Weight Degree-Days (AWDD)",2023-05-09,3.05,"DegC"
"Adjusted Weight Degree-Days (AWDD)","Adjusted Weight Degree-Days (AWDD)",2023-05-10,3.42,"DegC"
"Adjusted Weight Degree-Days (AWDD)","Adjusted Weight Degree-Days (AWDD)",2023-05-11,3.71,"DegC"
"Adjusted Weight Degree-Days (AWDD)","Adjusted Weight Degree-Days (AWDD)",2023-05-12,3.08,"DegC"
"Adjusted Weight Degree-Days (AWDD)","Adjusted Weight Degree-Days (AWDD)",2023-05-13,2.65,"DegC"
"Adjusted Weight Degree-Days (AWDD)","Adjusted Weight Degree-Days (AWDD)",2023-05-14,2.98,"DegC"
"Adjusted Weight Degree-Days (AWDD)","Adjusted Weight Degree-Days (AWDD)",2023-05-15,3.56,"DegC"
"Adjusted Weight Degree-Days (AWDD)","Adjusted Weight Degree-Days (AWDD)",2023-05-16,3.19,"DegC"
"Adjusted Weight Degree-Days (AWDD)","Adjusted Weight Degree-Days (AWDD)",2023-05-17,2.8,"DegC"
"Adjusted Weight Degree-Days (AWDD)","Adjusted Weight Degree-Days (AWDD)",2023-05-18,2.8,"DegC"
"Adjusted Weight Degree-Days (AWDD)","Adjusted Weight Degree-Days (AWDD)",2023-05-19,2.89,"DegC"
"Adjusted Weight Degree-Days (AWDD)","Adjusted Weight Degree-Days (AWDD)",2023-05-20,2.49,"DegC"
"Adjusted Weight Degree-Days (AWDD)","Adjusted Weight Degree-Days (AWDD)",2023-05-21,2.31,"DegC"
"Adjusted Weight Degree-Days (AWDD)","Adjusted Weight Degree-Days (AWDD)",2023-05-22,2.62,"DegC"
"Adjusted Weight Degree-Days (AWDD)","Adjusted Weight Degree-Days (AWDD)",2023-05-23,2.56,"DegC"
"Adjusted Weight Degree-Days (AWDD)","Adjusted Weight Degree-Days (AWDD)",2023-05-24,2.52,"DegC"
"Adjusted Weight Degree-Days (AWDD)","Adjusted Weight Degree-Days (AWDD)",2023-05-25,2.29,"DegC"
"Adjusted Weight Degree-Days (AWDD)","Adjusted Weight Degree-Days (AWDD)",2023-05-26,2.12,"DegC"
"Adjusted Weight Degree-Days (AWDD)","Adjusted Weight Degree-Days (AWDD)",2023-05-27,1.74,"DegC"
"Adjusted Weight Degree-Days (AWDD)","Adjusted Weight Degree-Days (AWDD)",2023-05-28,1.85,"DegC"
"Adjusted Weight Degree-Days (AWDD)","Adjusted Weight Degree-Days (AWDD)",2023-05-29,2.06,"DegC"
"Adjusted Weight Degree-Days (AWDD)","Adjusted Weight Degree-Days (AWDD)",2023-05-30,1.99,"DegC"
"Adjusted Weight Degree-Days (AWDD)","Adjusted Weight Degree-Days (AWDD)",2023-05-31,2.07,"DegC"
"Adjusted Weight Degree-Days (AWDD)","Adjusted Weight Degree-Days (AWDD)",2023-06-01,2.09,"DegC"
"Adjusted Weight Degree-Days (AWDD)","Adjusted Weight Degree-Days (AWDD)",2023-06-02,2.11,"DegC"
"Adjusted Weight Degree-Days (AWDD)","Adjusted Weight Degree-Days (AWDD)",2023-06-03,1.71,"DegC"
"Adjusted Weight Degree-Days (AWDD)","Adjusted Weight Degree-Days (AWDD)",2023-06-04,1.54,"DegC"
"Adjusted Weight Degree-Days (AWDD)","Adjusted Weight Degree-Days (AWDD)",2023-06-05,1.63,"DegC"
"Adjusted Weight Degree-Days (AWDD)","Adjusted Weight Degree-Days (AWDD)",2023-06-06,1.95,"DegC"
"Adjusted Weight Degree-Days (AWDD)","Adjusted Weight Degree-Days (AWDD)",2023-06-07,2.22,"DegC"
"Adjusted Weight Degree-Days (AWDD)","Adjusted Weight Degree-Days (AWDD)",2023-06-08,2.29,"DegC"
"Adjusted Weight Degree-Days (AWDD)","Adjusted Weight Degree-Days (AWDD)",2023-06-09,1.98,"DegC"
"Adjusted Weight Degree-Days (AWDD)","Adjusted Weight Degree-Days (AWDD)",2023-06-10,1.8,"DegC"
"Adjusted Weight Degree-Days (AWDD)","Adjusted Weight Degree-Days (AWDD)",2023-06-11,1.6,"DegC"
"Adjusted Weight Degree-Days (AWDD)","Adjusted Weight Degree-Days (AWDD)",2023-06-12,1.83,"DegC"
"Adjusted Weight Degree-Days (AWDD)","Adjusted Weight Degree-Days (AWDD)",2023-06-13,1.72,"DegC"
"Adjusted Weight Degree-Days (AWDD)","Adjusted Weight Degree-Days (AWDD)",2023-06-14,1.7,"DegC"
"Adjusted Weight Degree-Days (AWDD)","Adjusted Weight Degree-Days (AWDD)",2023-06-15,1.72,"DegC"
"Adjusted Weight Degree-Days (AWDD)","Adjusted Weight Degree-Days (AWDD)",2023-06-16,1.51,"DegC"
"Adjusted Weight Degree-Days (AWDD)","Adjusted Weight Degree-Days (AWDD)",2023-06-17,1.61,"DegC"
"Adjusted Weight Degree-Days (AWDD)","Adjusted Weight Degree-Days (AWDD)",2023-06-18,1.47,"DegC"
"Adjusted Weight Degree-Days (AWDD)","Adjusted Weight Degree-Days (AWDD)",2023-06-19,1.62,"DegC"
"Adjusted Weight Degree-Days (AWDD)","Adjusted Weight Degree-Days (AWDD)",2023-06-20,1.69,"DegC"
"Adjusted Weight Degree-Days (AWDD)","Adjusted Weight Degree-Days (AWDD)",2023-06-21,1.69,"DegC"
"Adjusted Weight Degree-Days (AWDD)","Adjusted Weight Degree-Days (AWDD)",2023-06-22,1.7,"DegC"
"Adjusted Weight Degree-Days (AWDD)","Adjusted Weight Degree-Days (AWDD)",2023-06-23,1.68,"DegC"
"Adjusted Weight Degree-Days (AWDD)","Adjusted Weight Degree-Days (AWDD)",2023-06-24,1.39,"DegC"
"Adjusted Weight Degree-Days (AWDD)","Adjusted Weight Degree-Days (AWDD)",2023-06-25,1.46,"DegC"
"Adjusted Weight Degree-Days (AWDD)","Adjusted Weight Degree-Days (AWDD)",2023-06-26,1.75,"DegC"
"Adjusted Weight Degree-Days (AWDD)","Adjusted Weight Degree-Days (AWDD)",2023-06-27,1.61,"DegC"
"Adjusted Weight Degree-Days (AWDD)","Adjusted Weight Degree-Days (AWDD)",2023-06-28,1.78,"DegC"
"Adjusted Weight Degree-Days (AWDD)","Adjusted Weight Degree-Days (AWDD)",2023-06-29,1.85,"DegC"
"Adjusted Weight Degree-Days (AWDD)","Adjusted Weight Degree-Days (AWDD)",2023-06-30,2.04,"DegC"
"Adjusted Weight Degree-Days (AWDD)","Adjusted Weight Degree-Days (AWDD)",2023-07-01,1.67,"DegC"
"Adjusted Weight Degree-Days (AWDD)","Adjusted Weight Degree-Days (AWDD)",2023-07-02,1.7,"DegC"
"Adjusted Weight Degree-Days (AWDD)","Adjusted Weight Degree-Days (AWDD)",2023-07-03,2.33,"DegC"
"Adjusted Weight Degree-Days (AWDD)","Adjusted Weight Degree-Days (AWDD)",2023-07-04,2.03,"DegC"
"Adjusted Weight Degree-Days (AWDD)","Adjusted Weight Degree-Days (AWDD)",2023-07-05,2.08,"DegC"
"Adjusted Weight Degree-Days (AWDD)","Adjusted Weight Degree-Days (AWDD)",2023-07-06,2.23,"DegC"
"Adjusted Weight Degree-Days (AWDD)","Adjusted Weight Degree-Days (AWDD)",2023-07-07,1.83,"DegC"
"Adjusted Weight Degree-Days (AWDD)","Adjusted Weight Degree-Days (AWDD)",2023-07-08,1.53,"DegC"
"Adjusted Weight Degree-Days (AWDD)","Adjusted Weight Degree-Days (AWDD)",2023-07-09,1.5,"DegC"
"Adjusted Weight Degree-Days (AWDD)","Adjusted Weight Degree-Days (AWDD)",2023-07-10,1.91,"DegC"
"Adjusted Weight Degree-Days (AWDD)","Adjusted Weight Degree-Days (AWDD)",2023-07-11,1.88,"DegC"
"Adjusted Weight Degree-Days (AWDD)","Adjusted Weight Degree-Days (AWDD)",2023-07-12,1.83,"DegC"
"Adjusted Weight Degree-Days (AWDD)","Adjusted Weight Degree-Days (AWDD)",2023-07-13,1.91,"DegC"
"Adjusted Weight Degree-Days (AWDD)","Adjusted Weight Degree-Days (AWDD)",2023-07-14,2.14,"DegC"
"Adjusted Weight Degree-Days (AWDD)","Adjusted Weight Degree-Days (AWDD)",2023-07-15,2.13,"DegC"
"Adjusted Weight Degree-Days (AWDD)","Adjusted Weight Degree-Days (AWDD)",2023-07-16,1.9,"DegC"
"Adjusted Weight Degree-Days (AWDD)","Adjusted Weight Degree-Days (AWDD)",2023-07-17,1.96,"DegC"
"Adjusted Weight Degree-Days (AWDD)","Adjusted Weight Degree-Days (AWDD)",2023-07-18,2.13,"DegC"
"Adjusted Weight Degree-Days (AWDD)","Adjusted Weight Degree-Days (AWDD)",2023-07-19,2.12,"DegC"
"Adjusted Weight Degree-Days (AWDD)","Adjusted Weight Degree-Days (AWDD)",2023-07-20,2.19,"DegC"
"Adjusted Weight Degree-Days (AWDD)","Adjusted Weight Degree-Days (AWDD)",2023-07-21,2.29,"DegC"
"Adjusted Weight Degree-Days (AWDD)","Adjusted Weight Degree-Days (AWDD)",2023-07-22,1.93,"DegC"
"Adjusted Weight Degree-Days (AWDD)","Adjusted Weight Degree-Days (AWDD)",2023-07-23,1.95,"DegC"
"Adjusted Weight Degree-Days (AWDD)","Adjusted Weight Degree-Days (AWDD)",2023-07-24,2.11,"DegC"
"Adjusted Weight Degree-Days (AWDD)","Adjusted Weight Degree-Days (AWDD)",2023-07-25,2.06,"DegC"
"Adjusted Weight Degree-Days (AWDD)","Adjusted Weight Degree-Days (AWDD)",2023-07-26,2.29,"DegC"
"Adjusted Weight Degree-Days (AWDD)","Adjusted Weight Degree-Days (AWDD)",2023-07-27,1.99,"DegC"
"Adjusted Weight Degree-Days (AWDD)","Adjusted Weight Degree-Days (AWDD)",2023-07-28,1.95,"DegC"
"Adjusted Weight Degree-Days (AWDD)","Adjusted Weight Degree-Days (AWDD)",2023-07-29,1.78,"DegC"
"Adjusted Weight Degree-Days (AWDD)","Adjusted Weight Degree-Days (AWDD)",2023-07-30,1.87,"DegC"
"Adjusted Weight Degree-Days (AWDD)","Adjusted Weight Degree-Days (AWDD)",2023-07-31,2.09,"DegC"
"Adjusted Weight Degree-Days (AWDD)","Adjusted Weight Degree-Days (AWDD)",2023-08-01,1.89,"DegC"
"Adjusted Weight Degree-Days (AWDD)","Adjusted Weight Degree-Days (AWDD)",2023-08-02,2.34,"DegC"
"Adjusted Weight Degree-Days (AWDD)","Adjusted Weight Degree-Days (AWDD)",2023-08-03,2.17,"DegC"
"Adjusted Weight Degree-Days (AWDD)","Adjusted Weight Degree-Days (AWDD)",2023-08-04,2.27,"DegC"
"Adjusted Weight Degree-Days (AWDD)","Adjusted Weight Degree-Days (AWDD)",2023-08-05,2.15,"DegC"
"Adjusted Weight Degree-Days (AWDD)","Adjusted Weight Degree-Days (AWDD)",2023-08-06,1.8,"DegC"
"Adjusted Weight Degree-Days (AWDD)","Adjusted Weight Degree-Days (AWDD)",2023-08-07,1.93,"DegC"
"Adjusted Weight Degree-Days (AWDD)","Adjusted Weight Degree-Days (AWDD)",2023-08-08,2.04,"DegC"
"Adjusted Weight Degree-Days (AWDD)","Adjusted Weight Degree-Days (AWDD)",2023-08-09,1.92,"DegC"
"Adjusted Weight Degree-Days (AWDD)","Adjusted Weight Degree-Days (AWDD)",2023-08-10,1.85,"DegC"
"Adjusted Weight Degree-Days (AWDD)","Adjusted Weight Degree-Days (AWDD)",2023-08-11,1.84,"DegC"
"Adjusted Weight Degree-Days (AWDD)","Adjusted Weight Degree-Days (AWDD)",2023-08-12,1.66,"DegC"
"Adjusted Weight Degree-Days (AWDD)","Adjusted Weight Degree-Days (AWDD)",2023-08-13,1.62,"DegC"
"Adjusted Weight Degree-Days (AWDD)","Adjusted Weight Degree-Days (AWDD)",2023-08-14,1.86,"DegC"
"Adjusted Weight Degree-Days (AWDD)","Adjusted Weight Degree-Days (AWDD)",2023-08-15,1.86,"DegC"
"Adjusted Weight Degree-Days (AWDD)","Adjusted Weight Degree-Days (AWDD)",2023-08-16,1.96,"DegC"
"Adjusted Weight Degree-Days (AWDD)","Adjusted Weight Degree-Days (AWDD)",2023-08-17,1.9,"DegC"
"Adjusted Weight Degree-Days (AWDD)","Adjusted Weight Degree-Days (AWDD)",2023-08-18,2.16,"DegC"
"Adjusted Weight Degree-Days (AWDD)","Adjusted Weight Degree-Days (AWDD)",2023-08-19,1.69,"DegC"
"Adjusted Weight Degree-Days (AWDD)","Adjusted Weight Degree-Days (AWDD)",2023-08-20,1.53,"DegC"
"Adjusted Weight Degree-Days (AWDD)","Adjusted Weight Degree-Days (AWDD)",2023-08-21,1.74,"DegC"
"Adjusted Weight Degree-Days (AWDD)","Adjusted Weight Degree-Days (AWDD)",2023-08-22,1.88,"DegC"
"Adjusted Weight Degree-Days (AWDD)","Adjusted Weight Degree-Days (AWDD)",2023-08-23,1.99,"DegC"
"Adjusted Weight Degree-Days (AWDD)","Adjusted Weight Degree-Days (AWDD)",2023-08-24,2.06,"DegC"
"Adjusted Weight Degree-Days (AWDD)","Adjusted Weight Degree-Days (AWDD)",2023-08-25,2.07,"DegC"
"Adjusted Weight Degree-Days (AWDD)","Adjusted Weight Degree-Days (AWDD)",2023-08-26,1.92,"DegC"
"Adjusted Weight Degree-Days (AWDD)","Adjusted Weight Degree-Days (AWDD)",2023-08-27,1.97,"DegC"
"Adjusted Weight Degree-Days (AWDD)","Adjusted Weight Degree-Days (AWDD)",2023-08-28,2.23,"DegC"
"Adjusted Weight Degree-Days (AWDD)","Adjusted Weight Degree-Days (AWDD)",2023-08-29,2.24,"DegC"
"Adjusted Weight Degree-Days (AWDD)","Adjusted Weight Degree-Days (AWDD)",2023-08-30,2.34,"DegC"
"Adjusted Weight Degree-Days (AWDD)","Adjusted Weight Degree-Days (AWDD)",2023-08-31,2.33,"DegC"
"Adjusted Weight Degree-Days (AWDD)","Adjusted Weight Degree-Days (AWDD)",2023-09-01,2.06,"DegC"
"Adjusted Weight Degree-Days (AWDD)","Adjusted Weight Degree-Days (AWDD)",2023-09-02,1.7,"DegC"
"Adjusted Weight Degree-Days (AWDD)","Adjusted Weight Degree-Days (AWDD)",2023-09-03,1.57,"DegC"
"Adjusted Weight Degree-Days (AWDD)","Adjusted Weight Degree-Days (AWDD)",2023-09-04,1.72,"DegC"
"Adjusted Weight Degree-Days (AWDD)","Adjusted Weight Degree-Days (AWDD)",2023-09-05,1.66,"DegC"
"Adjusted Weight Degree-Days (AWDD)","Adjusted Weight Degree-Days (AWDD)",2023-09-06,1.7,"DegC"
"Adjusted Weight Degree-Days (AWDD)","Adjusted Weight Degree-Days (AWDD)",2023-09-07,1.65,"DegC"
"Adjusted Weight Degree-Days (AWDD)","Adjusted Weight Degree-Days (AWDD)",2023-09-08,1.57,"DegC"
"Adjusted Weight Degree-Days (AWDD)","Adjusted Weight Degree-Days (AWDD)",2023-09-09,1.43,"DegC"
"Adjusted Weight Degree-Days (AWDD)","Adjusted Weight Degree-Days (AWDD)",2023-09-10,1.28,"DegC"
"Adjusted Weight Degree-Days (AWDD)","Adjusted Weight Degree-Days (AWDD)",2023-09-11,1.82,"DegC"
"Adjusted Weight Degree-Days (AWDD)","Adjusted Weight Degree-Days (AWDD)",2023-09-12,2.01,"DegC"
"Adjusted Weight Degree-Days (AWDD)","Adjusted Weight Degree-Days (AWDD)",2023-09-13,2.44,"DegC"
"Adjusted Weight Degree-Days (AWDD)","Adjusted Weight Degree-Days (AWDD)",2023-09-14,2.31,"DegC"
"Adjusted Weight Degree-Days (AWDD)","Adjusted Weight Degree-Days (AWDD)",2023-09-15,3.27,"DegC"
"Adjusted Weight Degree-Days (AWDD)","Adjusted Weight Degree-Days (AWDD)",2023-09-16,3.17,"DegC"
"Adjusted Weight Degree-Days (AWDD)","Adjusted Weight Degree-Days (AWDD)",2023-09-17,2.74,"DegC"
"Adjusted Weight Degree-Days (AWDD)","Adjusted Weight Degree-Days (AWDD)",2023-09-18,2.84,"DegC"
"Adjusted Weight Degree-Days (AWDD)","Adjusted Weight Degree-Days (AWDD)",2023-09-19,2.71,"DegC"
"Adjusted Weight Degree-Days (AWDD)","Adjusted Weight Degree-Days (AWDD)",2023-09-20,2.68,"DegC"
"Adjusted Weight Degree-Days (AWDD)","Adjusted Weight Degree-Days (AWDD)",2023-09-21,3.06,"DegC"
"Adjusted Weight Degree-Days (AWDD)","Adjusted Weight Degree-Days (AWDD)",2023-09-22,3.47,"DegC"
"Adjusted Weight Degree-Days (AWDD)","Adjusted Weight Degree-Days (AWDD)",2023-09-23,3.46,"DegC"
"Adjusted Weight Degree-Days (AWDD)","Adjusted Weight Degree-Days (AWDD)",2023-09-24,2.74,"DegC"
"Adjusted Weight Degree-Days (AWDD)","Adjusted Weight Degree-Days (AWDD)",2023-09-25,2.69,"DegC"
"Adjusted Weight Degree-Days (AWDD)","Adjusted Weight Degree-Days (AWDD)",2023-09-26,2.87,"DegC"
"Adjusted Weight Degree-Days (AWDD)","Adjusted Weight Degree-Days (AWDD)",2023-09-27,3.42,"DegC"
"Adjusted Weight Degree-Days (AWDD)","Adjusted Weight Degree-Days (AWDD)",2023-09-28,3.57,"DegC"
"Adjusted Weight Degree-Days (AWDD)","Adjusted Weight Degree-Days (AWDD)",2023-09-29,3.26,"DegC"
"Adjusted Weight Degree-Days (AWDD)","Adjusted Weight Degree-Days (AWDD)",2023-09-30,3.55,"DegC"
"Adjusted Weight Degree-Days (AWDD)","Adjusted Weight Degree-Days (AWDD)",2023-10-01,2.41,"DegC"
"Adjusted Weight Degree-Days (AWDD)","Adjusted Weight Degree-Days (AWDD)",2023-10-02,3.72,"DegC"
"Adjusted Weight Degree-Days (AWDD)","Adjusted Weight Degree-Days (AWDD)",2023-10-03,3.66,"DegC"
"Adjusted Weight Degree-Days (AWDD)","Adjusted Weight Degree-Days (AWDD)",2023-10-04,3.78,"DegC"
"Adjusted Weight Degree-Days (AWDD)","Adjusted Weight Degree-Days (AWDD)",2023-10-05,3.63,"DegC"
"Adjusted Weight Degree-Days (AWDD)","Adjusted Weight Degree-Days (AWDD)",2023-10-06,2.79,"DegC"
"Adjusted Weight Degree-Days (AWDD)","Adjusted Weight Degree-Days (AWDD)",2023-10-07,2.24,"DegC"
"Adjusted Weight Degree-Days (AWDD)","Adjusted Weight Degree-Days (AWDD)",2023-10-08,2.12,"DegC"
"Adjusted Weight Degree-Days (AWDD)","Adjusted Weight Degree-Days (AWDD)",2023-10-09,2.4,"DegC"
"Adjusted Weight Degree-Days (AWDD)","Adjusted Weight Degree-Days (AWDD)",2023-10-10,2.36,"DegC"
"Adjusted Weight Degree-Days (AWDD)","Adjusted Weight Degree-Days (AWDD)",2023-10-11,3.69,"DegC"
"Adjusted Weight Degree-Days (AWDD)","Adjusted Weight Degree-Days (AWDD)",2023-10-12,4.41,"DegC"
"Adjusted Weight Degree-Days (AWDD)","Adjusted Weight Degree-Days (AWDD)",2023-10-13,4.67,"DegC"
"Adjusted Weight Degree-Days (AWDD)","Adjusted Weight Degree-Days (AWDD)",2023-10-14,5.2,"DegC"
"Adjusted Weight Degree-Days (AWDD)","Adjusted Weight Degree-Days (AWDD)",2023-10-15,5.68,"DegC"
"Adjusted Weight Degree-Days (AWDD)","Adjusted Weight Degree-Days (AWDD)",2023-10-16,6.47,"DegC"
"Adjusted Weight Degree-Days (AWDD)","Adjusted Weight Degree-Days (AWDD)",2023-10-17,6.64,"DegC"
"Adjusted Weight Degree-Days (AWDD)","Adjusted Weight Degree-Days (AWDD)",2023-10-18,6.07,"DegC"
"Adjusted Weight Degree-Days (AWDD)","Adjusted Weight Degree-Days (AWDD)",2023-10-19,4.77,"DegC"
"Adjusted Weight Degree-Days (AWDD)","Adjusted Weight Degree-Days (AWDD)",2023-10-20,5.7,"DegC"
"Adjusted Weight Degree-Days (AWDD)","Adjusted Weight Degree-Days (AWDD)",2023-10-21,5.52,"DegC"
"Adjusted Weight Degree-Days (AWDD)","Adjusted Weight Degree-Days (AWDD)",2023-10-22,5.48,"DegC"
"Adjusted Weight Degree-Days (AWDD)","Adjusted Weight Degree-Days (AWDD)",2023-10-23,6.13,"DegC"
"Adjusted Weight Degree-Days (AWDD)","Adjusted Weight Degree-Days (AWDD)",2023-10-24,6.13,"DegC"
"Adjusted Weight Degree-Days (AWDD)","Adjusted Weight Degree-Days (AWDD)",2023-10-25,6.44,"DegC"
"Adjusted Weight Degree-Days (AWDD)","Adjusted Weight Degree-Days (AWDD)",2023-10-26,5.73,"DegC"
"Adjusted Weight Degree-Days (AWDD)","Adjusted Weight Degree-Days (AWDD)",2023-10-27,6.03,"DegC"
"Adjusted Weight Degree-Days (AWDD)","Adjusted Weight Degree-Days (AWDD)",2023-10-28,5.12,"DegC"
"Adjusted Weight Degree-Days (AWDD)","Adjusted Weight Degree-Days (AWDD)",2023-10-29,5.54,"DegC"
"Adjusted Weight Degree-Days (AWDD)","Adjusted Weight Degree-Days (AWDD)",2023-10-30,6.25,"DegC"
"Adjusted Weight Degree-Days (AWDD)","Adjusted Weight Degree-Days (AWDD)",2023-10-31,6.45,"DegC"
"Adjusted Weight Degree-Days (AWDD)","Adjusted Weight Degree-Days (AWDD)",2023-11-01,6.63,"DegC"
"Adjusted Weight Degree-Days (AWDD)","Adjusted Weight Degree-Days (AWDD)",2023-11-02,7.46,"DegC"
"Adjusted Weight Degree-Days (AWDD)","Adjusted Weight Degree-Days (AWDD)",2023-11-03,7.27,"DegC"
"Adjusted Weight Degree-Days (AWDD)","Adjusted Weight Degree-Days (AWDD)",2023-11-04,6.95,"DegC"
"Adjusted Weight Degree-Days (AWDD)","Adjusted Weight Degree-Days (AWDD)",2023-11-05,6.68,"DegC"
"Adjusted Weight Degree-Days (AWDD)","Adjusted Weight Degree-Days (AWDD)",2023-11-06,8.26,"DegC"
"Adjusted Weight Degree-Days (AWDD)","Adjusted Weight Degree-Days (AWDD)",2023-11-07,7.95,"DegC"
"Adjusted Weight Degree-Days (AWDD)","Adjusted Weight Degree-Days (AWDD)",2023-11-08,8.33,"DegC"
"Adjusted Weight Degree-Days (AWDD)","Adjusted Weight Degree-Days (AWDD)",2023-11-09,9.29,"DegC"
"Adjusted Weight Degree-Days (AWDD)","Adjusted Weight Degree-Days (AWDD)",2023-11-10,8.79,"DegC"
"Adjusted Weight Degree-Days (AWDD)","Adjusted Weight Degree-Days (AWDD)",2023-11-11,8.55,"DegC"
"Adjusted Weight Degree-Days (AWDD)","Adjusted Weight Degree-Days (AWDD)",2023-11-12,7.05,"DegC"
"Adjusted Weight Degree-Days (AWDD)","Adjusted Weight Degree-Days (AWDD)",2023-11-13,7.86,"DegC"
"Adjusted Weight Degree-Days (AWDD)","Adjusted Weight Degree-Days (AWDD)",2023-11-14,7.58,"DegC"
"Adjusted Weight Degree-Days (AWDD)","Adjusted Weight Degree-Days (AWDD)",2023-11-15,8.27,"DegC"
"Adjusted Weight Degree-Days (AWDD)","Adjusted Weight Degree-Days (AWDD)",2023-11-16,8.9,"DegC"
"Adjusted Weight Degree-Days (AWDD)","Adjusted Weight Degree-Days (AWDD)",2023-11-17,9.22,"DegC"
"Adjusted Weight Degree-Days (AWDD)","Adjusted Weight Degree-Days (AWDD)",2023-11-18,6.46,"DegC"
"Adjusted Weight Degree-Days (AWDD)","Adjusted Weight Degree-Days (AWDD)",2023-11-19,6.63,"DegC"
"Adjusted Weight Degree-Days (AWDD)","Adjusted Weight Degree-Days (AWDD)",2023-11-20,8.2,"DegC"
"Adjusted Weight Degree-Days (AWDD)","Adjusted Weight Degree-Days (AWDD)",2023-11-21,8.87,"DegC"
"Adjusted Weight Degree-Days (AWDD)","Adjusted Weight Degree-Days (AWDD)",2023-11-22,8.22,"DegC"
"Adjusted Weight Degree-Days (AWDD)","Adjusted Weight Degree-Days (AWDD)",2023-11-23,7.74,"DegC"
"Adjusted Weight Degree-Days (AWDD)","Adjusted Weight Degree-Days (AWDD)",2023-11-24,8.89,"DegC"
"Adjusted Weight Degree-Days (AWDD)","Adjusted Weight Degree-Days (AWDD)",2023-11-25,8.89,"DegC"
"Adjusted Weight Degree-Days (AWDD)","Adjusted Weight Degree-Days (AWDD)",2023-11-26,7.49,"DegC"
"Adjusted Weight Degree-Days (AWDD)","Adjusted Weight Degree-Days (AWDD)",2023-11-27,9.36,"DegC"
"Adjusted Weight Degree-Days (AWDD)","Adjusted Weight Degree-Days (AWDD)",2023-11-28,10.47,"DegC"
"Adjusted Weight Degree-Days (AWDD)","Adjusted Weight Degree-Days (AWDD)",2023-11-29,11.43,"DegC"
"Adjusted Weight Degree-Days (AWDD)","Adjusted Weight Degree-Days (AWDD)",2023-11-30,12.53,"DegC"
"Adjusted Weight Degree-Days (AWDD)","Adjusted Weight Degree-Days (AWDD)",2023-12-01,13.17,"DegC"
"Adjusted Weight Degree-Days (AWDD)","Adjusted Weight Degree-Days (AWDD)",2023-12-02,11.7,"DegC"
"Adjusted Weight Degree-Days (AWDD)","Adjusted Weight Degree-Days (AWDD)",2023-12-03,11.23,"DegC"
"Adjusted Weight Degree-Days (AWDD)","Adjusted Weight Degree-Days (AWDD)",2023-12-04,12.8,"DegC"
"Adjusted Weight Degree-Days (AWDD)","Adjusted Weight Degree-Days (AWDD)",2023-12-05,12.3,"DegC"
"Adjusted Weight Degree-Days (AWDD)","Adjusted Weight Degree-Days (AWDD)",2023-12-06,11.39,"DegC"
"Adjusted Weight Degree-Days (AWDD)","Adjusted Weight Degree-Days (AWDD)",2023-12-07,9.51,"DegC"
"Adjusted Weight Degree-Days (AWDD)","Adjusted Weight Degree-Days (AWDD)",2023-12-08,9.77,"DegC"
"Adjusted Weight Degree-Days (AWDD)","Adjusted Weight Degree-Days (AWDD)",2023-12-09,8.44,"DegC"
"Adjusted Weight Degree-Days (AWDD)","Adjusted Weight Degree-Days (AWDD)",2023-12-10,8.22,"DegC"
"Adjusted Weight Degree-Days (AWDD)","Adjusted Weight Degree-Days (AWDD)",2023-12-11,9.37,"DegC"
"Adjusted Weight Degree-Days (AWDD)","Adjusted Weight Degree-Days (AWDD)",2023-12-12,9.3,"DegC"
"Adjusted Weight Degree-Days (AWDD)","Adjusted Weight Degree-Days (AWDD)",2023-12-13,9.92,"DegC"
"Adjusted Weight Degree-Days (AWDD)","Adjusted Weight Degree-Days (AWDD)",2023-12-14,9.8,"DegC"
"Adjusted Weight Degree-Days (AWDD)","Adjusted Weight Degree-Days (AWDD)",2023-12-15,9.29,"DegC"
"Adjusted Weight Degree-Days (AWDD)","Adjusted Weight Degree-Days (AWDD)",2023-12-16,7.76,"DegC"
"Adjusted Weight Degree-Days (AWDD)","Adjusted Weight Degree-Days (AWDD)",2023-12-17,7.2,"DegC"
"Adjusted Weight Degree-Days (AWDD)","Adjusted Weight Degree-Days (AWDD)",2023-12-18,7.64,"DegC"
"Adjusted Weight Degree-Days (AWDD)","Adjusted Weight Degree-Days (AWDD)",2023-12-19,9.32,"DegC"
"Adjusted Weight Degree-Days (AWDD)","Adjusted Weight Degree-Days (AWDD)",2023-12-20,9.41,"DegC"
"Adjusted Weight Degree-Days (AWDD)","Adjusted Weight Degree-Days (AWDD)",2023-12-21,8.91,"DegC"
"Adjusted Weight Degree-Days (AWDD)","Adjusted Weight Degree-Days (AWDD)",2023-12-22,8.78,"DegC"
"Adjusted Weight Degree-Days (AWDD)","Adjusted Weight Degree-Days (AWDD)",2023-12-23,7.37,"DegC"
"Adjusted Weight Degree-Days (AWDD)","Adjusted Weight Degree-Days (AWDD)",2023-12-24,6.57,"DegC"
"Adjusted Weight Degree-Days (AWDD)","Adjusted Weight Degree-Days (AWDD)",2023-12-25,7.1,"DegC"
"Adjusted Weight Degree-Days (AWDD)","Adjusted Weight Degree-Days (AWDD)",2023-12-26,8.53,"DegC"
"Adjusted Weight Degree-Days (AWDD)","Adjusted Weight Degree-Days (AWDD)",2023-12-27,8.63,"DegC"
"Adjusted Weight Degree-Days (AWDD)","Adjusted Weight Degree-Days (AWDD)",2023-12-28,9.39,"DegC"
"Adjusted Weight Degree-Days (AWDD)","Adjusted Weight Degree-Days (AWDD)",2023-12-29,10.18,"DegC"
"Adjusted Weight Degree-Days (AWDD)","Adjusted Weight Degree-Days (AWDD)",2023-12-30,9.06,"DegC"
"Long-run Average Degree-Days","Long-run Average Degree-Days",2023-01-01,10.02,"DegC"
"Long-run Average Degree-Days","Long-run Average Degree-Days",2023-01-02,10.35,"DegC"
"Long-run Average Degree-Days","Long-run Average Degree-Days",2023-01-03,10.44,"DegC"
"Long-run Average Degree-Days","Long-run Average Degree-Days",2023-01-04,10.83,"DegC"
"Long-run Average Degree-Days","Long-run Average Degree-Days",2023-01-05,10.57,"DegC"
"Long-run Average Degree-Days","Long-run Average Degree-Days",2023-01-06,10.5,"DegC"
"Long-run Average Degree-Days","Long-run Average Degree-Days",2023-01-07,10.18,"DegC"
"Long-run Average Degree-Days","Long-run Average Degree-Days",2023-01-08,10.6,"DegC"
"Long-run Average Degree-Days","Long-run Average Degree-Days",2023-01-09,10.72,"DegC"
"Long-run Average Degree-Days","Long-run Average Degree-Days",2023-01-10,9.76,"DegC"
"Long-run Average Degree-Days","Long-run Average Degree-Days",2023-01-11,9.73,"DegC"
"Long-run Average Degree-Days","Long-run Average Degree-Days",2023-01-12,9.56,"DegC"
"Long-run Average Degree-Days","Long-run Average Degree-Days",2023-01-13,9.8,"DegC"
"Long-run Average Degree-Days","Long-run Average Degree-Days",2023-01-14,9.9,"DegC"
"Long-run Average Degree-Days","Long-run Average Degree-Days",2023-01-15,9.78,"DegC"
"Long-run Average Degree-Days","Long-run Average Degree-Days",2023-01-16,10.01,"DegC"
"Long-run Average Degree-Days","Long-run Average Degree-Days",2023-01-17,10.19,"DegC"
"Long-run Average Degree-Days","Long-run Average Degree-Days",2023-01-18,10.19,"DegC"
"Long-run Average Degree-Days","Long-run Average Degree-Days",2023-01-19,10.29,"DegC"
"Long-run Average Degree-Days","Long-run Average Degree-Days",2023-01-20,10.52,"DegC"
"Long-run Average Degree-Days","Long-run Average Degree-Days",2023-01-21,10.7,"DegC"
"Long-run Average Degree-Days","Long-run Average Degree-Days",2023-01-22,10.5,"DegC"
"Long-run Average Degree-Days","Long-run Average Degree-Days",2023-01-23,10.46,"DegC"
"Long-run Average Degree-Days","Long-run Average Degree-Days",2023-01-24,10.19,"DegC"
"Long-run Average Degree-Days","Long-run Average Degree-Days",2023-01-25,9.87,"DegC"
"Long-run Average Degree-Days","Long-run Average Degree-Days",2023-01-26,10.16,"DegC"
"Long-run Average Degree-Days","Long-run Average Degree-Days",2023-01-27,10.06,"DegC"
"Long-run Average Degree-Days","Long-run Average Degree-Days",2023-01-28,10.42,"DegC"
"Long-run Average Degree-Days","Long-run Average Degree-Days",2023-01-29,10.31,"DegC"
"Long-run Average Degree-Days","Long-run Average Degree-Days",2023-01-30,10.53,"DegC"
"Long-run Average Degree-Days","Long-run Average Degree-Days",2023-01-31,10.13,"DegC"
"Long-run Average Degree-Days","Long-run Average Degree-Days",2023-02-01,10.14,"DegC"
"Long-run Average Degree-Days","Long-run Average Degree-Days",2023-02-02,10.33,"DegC"
"Long-run Average Degree-Days","Long-run Average Degree-Days",2023-02-03,10.24,"DegC"
"Long-run Average Degree-Days","Long-run Average Degree-Days",2023-02-04,10.04,"DegC"
"Long-run Average Degree-Days","Long-run Average Degree-Days",2023-02-05,10.15,"DegC"
"Long-run Average Degree-Days","Long-run Average Degree-Days",2023-02-06,10.03,"DegC"
"Long-run Average Degree-Days","Long-run Average Degree-Days",2023-02-07,10.45,"DegC"
"Long-run Average Degree-Days","Long-run Average Degree-Days",2023-02-08,10.32,"DegC"
"Long-run Average Degree-Days","Long-run Average Degree-Days",2023-02-09,10.52,"DegC"
"Long-run Average Degree-Days","Long-run Average Degree-Days",2023-02-10,10.75,"DegC"
"Long-run Average Degree-Days","Long-run Average Degree-Days",2023-02-11,10.32,"DegC"
"Long-run Average Degree-Days","Long-run Average Degree-Days",2023-02-12,9.73,"DegC"
"Long-run Average Degree-Days","Long-run Average Degree-Days",2023-02-13,9.57,"DegC"
"Long-run Average Degree-Days","Long-run Average Degree-Days",2023-02-14,10.04,"DegC"
"Long-run Average Degree-Days","Long-run Average Degree-Days",2023-02-15,9.84,"DegC"
"Long-run Average Degree-Days","Long-run Average Degree-Days",2023-02-16,9.65,"DegC"
"Long-run Average Degree-Days","Long-run Average Degree-Days",2023-02-17,9.61,"DegC"
"Long-run Average Degree-Days","Long-run Average Degree-Days",2023-02-18,10.21,"DegC"
"Long-run Average Degree-Days","Long-run Average Degree-Days",2023-02-19,9.72,"DegC"
"Long-run Average Degree-Days","Long-run Average Degree-Days",2023-02-20,9.73,"DegC"
"Long-run Average Degree-Days","Long-run Average Degree-Days",2023-02-21,9.54,"DegC"
"Long-run Average Degree-Days","Long-run Average Degree-Days",2023-02-22,9.23,"DegC"
"Long-run Average Degree-Days","Long-run Average Degree-Days",2023-02-23,9.31,"DegC"
"Long-run Average Degree-Days","Long-run Average Degree-Days",2023-02-24,10.13,"DegC"
"Long-run Average Degree-Days","Long-run Average Degree-Days",2023-02-25,9.89,"DegC"
"Long-run Average Degree-Days","Long-run Average Degree-Days",2023-02-26,9.83,"DegC"
"Long-run Average Degree-Days","Long-run Average Degree-Days",2023-02-27,10.2,"DegC"
"Long-run Average Degree-Days","Long-run Average Degree-Days",2023-02-28,10.43,"DegC"
"Long-run Average Degree-Days","Long-run Average Degree-Days",2023-03-01,10.78,"DegC"
"Long-run Average Degree-Days","Long-run Average Degree-Days",2023-03-02,11.2,"DegC"
"Long-run Average Degree-Days","Long-run Average Degree-Days",2023-03-03,11.02,"DegC"
"Long-run Average Degree-Days","Long-run Average Degree-Days",2023-03-04,11.03,"DegC"
"Long-run Average Degree-Days","Long-run Average Degree-Days",2023-03-05,10.51,"DegC"
"Long-run Average Degree-Days","Long-run Average Degree-Days",2023-03-06,9.62,"DegC"
"Long-run Average Degree-Days","Long-run Average Degree-Days",2023-03-07,8.88,"DegC"
"Long-run Average Degree-Days","Long-run Average Degree-Days",2023-03-08,8.87,"DegC"
"Long-run Average Degree-Days","Long-run Average Degree-Days",2023-03-09,9.08,"DegC"
"Long-run Average Degree-Days","Long-run Average Degree-Days",2023-03-10,8.56,"DegC"
"Long-run Average Degree-Days","Long-run Average Degree-Days",2023-03-11,9.1,"DegC"
"Long-run Average Degree-Days","Long-run Average Degree-Days",2023-03-12,9.17,"DegC"
"Long-run Average Degree-Days","Long-run Average Degree-Days",2023-03-13,8.91,"DegC"
"Long-run Average Degree-Days","Long-run Average Degree-Days",2023-03-14,8.48,"DegC"
"Long-run Average Degree-Days","Long-run Average Degree-Days",2023-03-15,7.98,"DegC"
"Long-run Average Degree-Days","Long-run Average Degree-Days",2023-03-16,8.31,"DegC"
"Long-run Average Degree-Days","Long-run Average Degree-Days",2023-03-17,8.43,"DegC"
"Long-run Average Degree-Days","Long-run Average Degree-Days",2023-03-18,9.01,"DegC"
"Long-run Average Degree-Days","Long-run Average Degree-Days",2023-03-19,9.17,"DegC"
"Long-run Average Degree-Days","Long-run Average Degree-Days",2023-03-20,8.64,"DegC"
"Long-run Average Degree-Days","Long-run Average Degree-Days",2023-03-21,8.53,"DegC"
"Long-run Average Degree-Days","Long-run Average Degree-Days",2023-03-22,8.5,"DegC"
"Long-run Average Degree-Days","Long-run Average Degree-Days",2023-03-23,8.32,"DegC"
"Long-run Average Degree-Days","Long-run Average Degree-Days",2023-03-24,8.13,"DegC"
"Long-run Average Degree-Days","Long-run Average Degree-Days",2023-03-25,7.91,"DegC"
"Long-run Average Degree-Days","Long-run Average Degree-Days",2023-03-26,8.46,"DegC"
"Long-run Average Degree-Days","Long-run Average Degree-Days",2023-03-27,8.47,"DegC"
"Long-run Average Degree-Days","Long-run Average Degree-Days",2023-03-28,8.52,"DegC"
"Long-run Average Degree-Days","Long-run Average Degree-Days",2023-03-29,8.4,"DegC"
"Long-run Average Degree-Days","Long-run Average Degree-Days",2023-03-30,8.05,"DegC"
"Long-run Average Degree-Days","Long-run Average Degree-Days",2023-03-31,7.81,"DegC"
"Long-run Average Degree-Days","Long-run Average Degree-Days",2023-04-01,7.8,"DegC"
"Long-run Average Degree-Days","Long-run Average Degree-Days",2023-04-02,7.81,"DegC"
"Long-run Average Degree-Days","Long-run Average Degree-Days",2023-04-03,8.01,"DegC"
"Long-run Average Degree-Days","Long-run Average Degree-Days",2023-04-04,8.2,"DegC"
"Long-run Average Degree-Days","Long-run Average Degree-Days",2023-04-05,7.85,"DegC"
"Long-run Average Degree-Days","Long-run Average Degree-Days",2023-04-06,7.56,"DegC"
"Long-run Average Degree-Days","Long-run Average Degree-Days",2023-04-07,7.91,"DegC"
"Long-run Average Degree-Days","Long-run Average Degree-Days",2023-04-08,8.22,"DegC"
"Long-run Average Degree-Days","Long-run Average Degree-Days",2023-04-09,7.9,"DegC"
"Long-run Average Degree-Days","Long-run Average Degree-Days",2023-04-10,8.12,"DegC"
"Long-run Average Degree-Days","Long-run Average Degree-Days",2023-04-11,8.14,"DegC"
"Long-run Average Degree-Days","Long-run Average Degree-Days",2023-04-12,8.05,"DegC"
"Long-run Average Degree-Days","Long-run Average Degree-Days",2023-04-13,8.09,"DegC"
"Long-run Average Degree-Days","Long-run Average Degree-Days",2023-04-14,7.47,"DegC"
"Long-run Average Degree-Days","Long-run Average Degree-Days",2023-04-15,7.44,"DegC"
"Long-run Average Degree-Days","Long-run Average Degree-Days",2023-04-16,7.78,"DegC"
"Long-run Average Degree-Days","Long-run Average Degree-Days",2023-04-17,7.26,"DegC"
"Long-run Average Degree-Days","Long-run Average Degree-Days",2023-04-18,7.67,"DegC"
"Long-run Average Degree-Days","Long-run Average Degree-Days",2023-04-19,7.62,"DegC"
"Long-run Average Degree-Days","Long-run Average Degree-Days",2023-04-20,7.27,"DegC"
"Long-run Average Degree-Days","Long-run Average Degree-Days",2023-04-21,6.34,"DegC"
"Long-run Average Degree-Days","Long-run Average Degree-Days",2023-04-22,6.06,"DegC"
"Long-run Average Degree-Days","Long-run Average Degree-Days",2023-04-23,5.72,"DegC"
"Long-run Average Degree-Days","Long-run Average Degree-Days",2023-04-24,5.95,"DegC"
"Long-run Average Degree-Days","Long-run Average Degree-Days",2023-04-25,6.34,"DegC"
"Long-run Average Degree-Days","Long-run Average Degree-Days",2023-04-26,6.67,"DegC"
"Long-run Average Degree-Days","Long-run Average Degree-Days",2023-04-27,7,"DegC"
"Long-run Average Degree-Days","Long-run Average Degree-Days",2023-04-28,6.93,"DegC"
"Long-run Average Degree-Days","Long-run Average Degree-Days",2023-04-29,6.82,"DegC"
"Long-run Average Degree-Days","Long-run Average Degree-Days",2023-04-30,6.6,"DegC"
"Long-run Average Degree-Days","Long-run Average Degree-Days",2023-05-01,5.74,"DegC"
"Long-run Average Degree-Days","Long-run Average Degree-Days",2023-05-02,6.05,"DegC"
"Long-run Average Degree-Days","Long-run Average Degree-Days",2023-05-03,5.95,"DegC"
"Long-run Average Degree-Days","Long-run Average Degree-Days",2023-05-04,5.58,"DegC"
"Long-run Average Degree-Days","Long-run Average Degree-Days",2023-05-05,5.32,"DegC"
"Long-run Average Degree-Days","Long-run Average Degree-Days",2023-05-06,5.61,"DegC"
"Long-run Average Degree-Days","Long-run Average Degree-Days",2023-05-07,5.51,"DegC"
"Long-run Average Degree-Days","Long-run Average Degree-Days",2023-05-08,5.24,"DegC"
"Long-run Average Degree-Days","Long-run Average Degree-Days",2023-05-09,5.82,"DegC"
"Long-run Average Degree-Days","Long-run Average Degree-Days",2023-05-10,5.41,"DegC"
"Long-run Average Degree-Days","Long-run Average Degree-Days",2023-05-11,5.51,"DegC"
"Long-run Average Degree-Days","Long-run Average Degree-Days",2023-05-12,5.71,"DegC"
"Long-run Average Degree-Days","Long-run Average Degree-Days",2023-05-13,5.58,"DegC"
"Long-run Average Degree-Days","Long-run Average Degree-Days",2023-05-14,5.49,"DegC"
"Long-run Average Degree-Days","Long-run Average Degree-Days",2023-05-15,5.47,"DegC"
"Long-run Average Degree-Days","Long-run Average Degree-Days",2023-05-16,5.12,"DegC"
"Long-run Average Degree-Days","Long-run Average Degree-Days",2023-05-17,5.11,"DegC"
"Long-run Average Degree-Days","Long-run Average Degree-Days",2023-05-18,4.94,"DegC"
"Long-run Average Degree-Days","Long-run Average Degree-Days",2023-05-19,4.59,"DegC"
"Long-run Average Degree-Days","Long-run Average Degree-Days",2023-05-20,4.3,"DegC"
"Long-run Average Degree-Days","Long-run Average Degree-Days",2023-05-21,4.51,"DegC"
"Long-run Average Degree-Days","Long-run Average Degree-Days",2023-05-22,4.29,"DegC"
"Long-run Average Degree-Days","Long-run Average Degree-Days",2023-05-23,4.14,"DegC"
"Long-run Average Degree-Days","Long-run Average Degree-Days",2023-05-24,3.96,"DegC"
"Long-run Average Degree-Days","Long-run Average Degree-Days",2023-05-25,4.11,"DegC"
"Long-run Average Degree-Days","Long-run Average Degree-Days",2023-05-26,3.8,"DegC"
"Long-run Average Degree-Days","Long-run Average Degree-Days",2023-05-27,4.4,"DegC"
"Long-run Average Degree-Days","Long-run Average Degree-Days",2023-05-28,3.82,"DegC"
"Long-run Average Degree-Days","Long-run Average Degree-Days",2023-05-29,3.71,"DegC"
"Long-run Average Degree-Days","Long-run Average Degree-Days",2023-05-30,4.02,"DegC"
"Long-run Average Degree-Days","Long-run Average Degree-Days",2023-05-31,3.83,"DegC"
"Long-run Average Degree-Days","Long-run Average Degree-Days",2023-06-01,2.91,"DegC"
"Long-run Average Degree-Days","Long-run Average Degree-Days",2023-06-02,2.95,"DegC"
"Long-run Average Degree-Days","Long-run Average Degree-Days",2023-06-03,3.23,"DegC"
"Long-run Average Degree-Days","Long-run Average Degree-Days",2023-06-04,3.66,"DegC"
"Long-run Average Degree-Days","Long-run Average Degree-Days",2023-06-05,3.66,"DegC"
"Long-run Average Degree-Days","Long-run Average Degree-Days",2023-06-06,3.4,"DegC"
"Long-run Average Degree-Days","Long-run Average Degree-Days",2023-06-07,3.38,"DegC"
"Long-run Average Degree-Days","Long-run Average Degree-Days",2023-06-08,3.3,"DegC"
"Long-run Average Degree-Days","Long-run Average Degree-Days",2023-06-09,3.08,"DegC"
"Long-run Average Degree-Days","Long-run Average Degree-Days",2023-06-10,2.94,"DegC"
"Long-run Average Degree-Days","Long-run Average Degree-Days",2023-06-11,2.93,"DegC"
"Long-run Average Degree-Days","Long-run Average Degree-Days",2023-06-12,3.09,"DegC"
"Long-run Average Degree-Days","Long-run Average Degree-Days",2023-06-13,2.77,"DegC"
"Long-run Average Degree-Days","Long-run Average Degree-Days",2023-06-14,3.02,"DegC"
"Long-run Average Degree-Days","Long-run Average Degree-Days",2023-06-15,2.92,"DegC"
"Long-run Average Degree-Days","Long-run Average Degree-Days",2023-06-16,2.61,"DegC"
"Long-run Average Degree-Days","Long-run Average Degree-Days",2023-06-17,1.93,"DegC"
"Long-run Average Degree-Days","Long-run Average Degree-Days",2023-06-18,2.52,"DegC"
"Long-run Average Degree-Days","Long-run Average Degree-Days",2023-06-19,2.32,"DegC"
"Long-run Average Degree-Days","Long-run Average Degree-Days",2023-06-20,2.73,"DegC"
"Long-run Average Degree-Days","Long-run Average Degree-Days",2023-06-21,2.66,"DegC"
"Long-run Average Degree-Days","Long-run Average Degree-Days",2023-06-22,2.57,"DegC"
"Long-run Average Degree-Days","Long-run Average Degree-Days",2023-06-23,2.3,"DegC"
"Long-run Average Degree-Days","Long-run Average Degree-Days",2023-06-24,2.33,"DegC"
"Long-run Average Degree-Days","Long-run Average Degree-Days",2023-06-25,2.33,"DegC"
"Long-run Average Degree-Days","Long-run Average Degree-Days",2023-06-26,2.02,"DegC"
"Long-run Average Degree-Days","Long-run Average Degree-Days",2023-06-27,2.09,"DegC"
"Long-run Average Degree-Days","Long-run Average Degree-Days",2023-06-28,2.18,"DegC"
"Long-run Average Degree-Days","Long-run Average Degree-Days",2023-06-29,1.87,"DegC"
"Long-run Average Degree-Days","Long-run Average Degree-Days",2023-06-30,1.86,"DegC"
"Long-run Average Degree-Days","Long-run Average Degree-Days",2023-07-01,2.03,"DegC"
"Long-run Average Degree-Days","Long-run Average Degree-Days",2023-07-02,1.72,"DegC"
"Long-run Average Degree-Days","Long-run Average Degree-Days",2023-07-03,1.81,"DegC"
"Long-run Average Degree-Days","Long-run Average Degree-Days",2023-07-04,1.41,"DegC"
"Long-run Average Degree-Days","Long-run Average Degree-Days",2023-07-05,1.84,"DegC"
"Long-run Average Degree-Days","Long-run Average Degree-Days",2023-07-06,1.82,"DegC"
"Long-run Average Degree-Days","Long-run Average Degree-Days",2023-07-07,1.67,"DegC"
"Long-run Average Degree-Days","Long-run Average Degree-Days",2023-07-08,1.65,"DegC"
"Long-run Average Degree-Days","Long-run Average Degree-Days",2023-07-09,1.63,"DegC"
"Long-run Average Degree-Days","Long-run Average Degree-Days",2023-07-10,1.57,"DegC"
"Long-run Average Degree-Days","Long-run Average Degree-Days",2023-07-11,1.8,"DegC"
"Long-run Average Degree-Days","Long-run Average Degree-Days",2023-07-12,1.71,"DegC"
"Long-run Average Degree-Days","Long-run Average Degree-Days",2023-07-13,1.89,"DegC"
"Long-run Average Degree-Days","Long-run Average Degree-Days",2023-07-14,1.73,"DegC"
"Long-run Average Degree-Days","Long-run Average Degree-Days",2023-07-15,1.61,"DegC"
"Long-run Average Degree-Days","Long-run Average Degree-Days",2023-07-16,1.48,"DegC"
"Long-run Average Degree-Days","Long-run Average Degree-Days",2023-07-17,1.36,"DegC"
"Long-run Average Degree-Days","Long-run Average Degree-Days",2023-07-18,1.35,"DegC"
"Long-run Average Degree-Days","Long-run Average Degree-Days",2023-07-19,1.37,"DegC"
"Long-run Average Degree-Days","Long-run Average Degree-Days",2023-07-20,1.53,"DegC"
"Long-run Average Degree-Days","Long-run Average Degree-Days",2023-07-21,1.55,"DegC"
"Long-run Average Degree-Days","Long-run Average Degree-Days",2023-07-22,1.27,"DegC"
"Long-run Average Degree-Days","Long-run Average Degree-Days",2023-07-23,1.02,"DegC"
"Long-run Average Degree-Days","Long-run Average Degree-Days",2023-07-24,1.06,"DegC"
"Long-run Average Degree-Days","Long-run Average Degree-Days",2023-07-25,1.23,"DegC"
"Long-run Average Degree-Days","Long-run Average Degree-Days",2023-07-26,1.1,"DegC"
"Long-run Average Degree-Days","Long-run Average Degree-Days",2023-07-27,1.22,"DegC"
"Long-run Average Degree-Days","Long-run Average Degree-Days",2023-07-28,1.38,"DegC"
"Long-run Average Degree-Days","Long-run Average Degree-Days",2023-07-29,1.3,"DegC"
"Long-run Average Degree-Days","Long-run Average Degree-Days",2023-07-30,1.33,"DegC"
"Long-run Average Degree-Days","Long-run Average Degree-Days",2023-07-31,1.08,"DegC"
"Long-run Average Degree-Days","Long-run Average Degree-Days",2023-08-01,1.23,"DegC"
"Long-run Average Degree-Days","Long-run Average Degree-Days",2023-08-02,1.27,"DegC"
"Long-run Average Degree-Days","Long-run Average Degree-Days",2023-08-03,0.89,"DegC"
"Long-run Average Degree-Days","Long-run Average Degree-Days",2023-08-04,1.11,"DegC"
"Long-run Average Degree-Days","Long-run Average Degree-Days",2023-08-05,1.18,"DegC"
"Long-run Average Degree-Days","Long-run Average Degree-Days",2023-08-06,1.3,"DegC"
"Long-run Average Degree-Days","Long-run Average Degree-Days",2023-08-07,1.34,"DegC"
"Long-run Average Degree-Days","Long-run Average Degree-Days",2023-08-08,1.63,"DegC"
"Long-run Average Degree-Days","Long-run Average Degree-Days",2023-08-09,1.44,"DegC"
"Long-run Average Degree-Days","Long-run Average Degree-Days",2023-08-10,1.5,"DegC"
"Long-run Average Degree-Days","Long-run Average Degree-Days",2023-08-11,1.35,"DegC"
"Long-run Average Degree-Days","Long-run Average Degree-Days",2023-08-12,1.46,"DegC"
"Long-run Average Degree-Days","Long-run Average Degree-Days",2023-08-13,1.51,"DegC"
"Long-run Average Degree-Days","Long-run Average Degree-Days",2023-08-14,1.32,"DegC"
"Long-run Average Degree-Days","Long-run Average Degree-Days",2023-08-15,1.62,"DegC"
"Long-run Average Degree-Days","Long-run Average Degree-Days",2023-08-16,1.37,"DegC"
"Long-run Average Degree-Days","Long-run Average Degree-Days",2023-08-17,1.44,"DegC"
"Long-run Average Degree-Days","Long-run Average Degree-Days",2023-08-18,1.47,"DegC"
"Long-run Average Degree-Days","Long-run Average Degree-Days",2023-08-19,1.34,"DegC"
"Long-run Average Degree-Days","Long-run Average Degree-Days",2023-08-20,1.44,"DegC"
"Long-run Average Degree-Days","Long-run Average Degree-Days",2023-08-21,1.35,"DegC"
"Long-run Average Degree-Days","Long-run Average Degree-Days",2023-08-22,1.62,"DegC"
"Long-run Average Degree-Days","Long-run Average Degree-Days",2023-08-23,1.62,"DegC"
"Long-run Average Degree-Days","Long-run Average Degree-Days",2023-08-24,2.08,"DegC"
"Long-run Average Degree-Days","Long-run Average Degree-Days",2023-08-25,1.98,"DegC"
"Long-run Average Degree-Days","Long-run Average Degree-Days",2023-08-26,1.71,"DegC"
"Long-run Average Degree-Days","Long-run Average Degree-Days",2023-08-27,2.14,"DegC"
"Long-run Average Degree-Days","Long-run Average Degree-Days",2023-08-28,2.13,"DegC"
"Long-run Average Degree-Days","Long-run Average Degree-Days",2023-08-29,2.08,"DegC"
"Long-run Average Degree-Days","Long-run Average Degree-Days",2023-08-30,2.36,"DegC"
"Long-run Average Degree-Days","Long-run Average Degree-Days",2023-08-31,2.32,"DegC"
"Long-run Average Degree-Days","Long-run Average Degree-Days",2023-09-01,2.05,"DegC"
"Long-run Average Degree-Days","Long-run Average Degree-Days",2023-09-02,1.74,"DegC"
"Long-run Average Degree-Days","Long-run Average Degree-Days",2023-09-03,1.93,"DegC"
"Long-run Average Degree-Days","Long-run Average Degree-Days",2023-09-04,1.84,"DegC"
"Long-run Average Degree-Days","Long-run Average Degree-Days",2023-09-05,2.09,"DegC"
"Long-run Average Degree-Days","Long-run Average Degree-Days",2023-09-06,2,"DegC"
"Long-run Average Degree-Days","Long-run Average Degree-Days",2023-09-07,2.03,"DegC"
"Long-run Average Degree-Days","Long-run Average Degree-Days",2023-09-08,2.12,"DegC"
"Long-run Average Degree-Days","Long-run Average Degree-Days",2023-09-09,2.39,"DegC"
"Long-run Average Degree-Days","Long-run Average Degree-Days",2023-09-10,2.44,"DegC"
"Long-run Average Degree-Days","Long-run Average Degree-Days",2023-09-11,2.06,"DegC"
"Long-run Average Degree-Days","Long-run Average Degree-Days",2023-09-12,2.76,"DegC"
"Long-run Average Degree-Days","Long-run Average Degree-Days",2023-09-13,3.09,"DegC"
"Long-run Average Degree-Days","Long-run Average Degree-Days",2023-09-14,2.71,"DegC"
"Long-run Average Degree-Days","Long-run Average Degree-Days",2023-09-15,2.86,"DegC"
"Long-run Average Degree-Days","Long-run Average Degree-Days",2023-09-16,3.2,"DegC"
"Long-run Average Degree-Days","Long-run Average Degree-Days",2023-09-17,3.61,"DegC"
"Long-run Average Degree-Days","Long-run Average Degree-Days",2023-09-18,3.42,"DegC"
"Long-run Average Degree-Days","Long-run Average Degree-Days",2023-09-19,2.93,"DegC"
"Long-run Average Degree-Days","Long-run Average Degree-Days",2023-09-20,2.59,"DegC"
"Long-run Average Degree-Days","Long-run Average Degree-Days",2023-09-21,2.75,"DegC"
"Long-run Average Degree-Days","Long-run Average Degree-Days",2023-09-22,2.9,"DegC"
"Long-run Average Degree-Days","Long-run Average Degree-Days",2023-09-23,3.46,"DegC"
"Long-run Average Degree-Days","Long-run Average Degree-Days",2023-09-24,3.5,"DegC"
"Long-run Average Degree-Days","Long-run Average Degree-Days",2023-09-25,3.78,"DegC"
"Long-run Average Degree-Days","Long-run Average Degree-Days",2023-09-26,3.08,"DegC"
"Long-run Average Degree-Days","Long-run Average Degree-Days",2023-09-27,3.37,"DegC"
"Long-run Average Degree-Days","Long-run Average Degree-Days",2023-09-28,3.19,"DegC"
"Long-run Average Degree-Days","Long-run Average Degree-Days",2023-09-29,3.1,"DegC"
"Long-run Average Degree-Days","Long-run Average Degree-Days",2023-09-30,2.91,"DegC"
"Long-run Average Degree-Days","Long-run Average Degree-Days",2023-10-01,3.64,"DegC"
"Long-run Average Degree-Days","Long-run Average Degree-Days",2023-10-02,3.81,"DegC"
"Long-run Average Degree-Days","Long-run Average Degree-Days",2023-10-03,3.88,"DegC"
"Long-run Average Degree-Days","Long-run Average Degree-Days",2023-10-04,4.34,"DegC"
"Long-run Average Degree-Days","Long-run Average Degree-Days",2023-10-05,4.3,"DegC"
"Long-run Average Degree-Days","Long-run Average Degree-Days",2023-10-06,4.32,"DegC"
"Long-run Average Degree-Days","Long-run Average Degree-Days",2023-10-07,4.26,"DegC"
"Long-run Average Degree-Days","Long-run Average Degree-Days",2023-10-08,3.9,"DegC"
"Long-run Average Degree-Days","Long-run Average Degree-Days",2023-10-09,3.72,"DegC"
"Long-run Average Degree-Days","Long-run Average Degree-Days",2023-10-10,4.19,"DegC"
"Long-run Average Degree-Days","Long-run Average Degree-Days",2023-10-11,4.63,"DegC"
"Long-run Average Degree-Days","Long-run Average Degree-Days",2023-10-12,4.61,"DegC"
"Long-run Average Degree-Days","Long-run Average Degree-Days",2023-10-13,5.07,"DegC"
"Long-run Average Degree-Days","Long-run Average Degree-Days",2023-10-14,5.06,"DegC"
"Long-run Average Degree-Days","Long-run Average Degree-Days",2023-10-15,5.04,"DegC"
"Long-run Average Degree-Days","Long-run Average Degree-Days",2023-10-16,5.21,"DegC"
"Long-run Average Degree-Days","Long-run Average Degree-Days",2023-10-17,5.16,"DegC"
"Long-run Average Degree-Days","Long-run Average Degree-Days",2023-10-18,5.63,"DegC"
"Long-run Average Degree-Days","Long-run Average Degree-Days",2023-10-19,5.02,"DegC"
"Long-run Average Degree-Days","Long-run Average Degree-Days",2023-10-20,5.33,"DegC"
"Long-run Average Degree-Days","Long-run Average Degree-Days",2023-10-21,5.93,"DegC"
"Long-run Average Degree-Days","Long-run Average Degree-Days",2023-10-22,5.56,"DegC"
"Long-run Average Degree-Days","Long-run Average Degree-Days",2023-10-23,4.77,"DegC"
"Long-run Average Degree-Days","Long-run Average Degree-Days",2023-10-24,5.33,"DegC"
"Long-run Average Degree-Days","Long-run Average Degree-Days",2023-10-25,5.87,"DegC"
"Long-run Average Degree-Days","Long-run Average Degree-Days",2023-10-26,5.5,"DegC"
"Long-run Average Degree-Days","Long-run Average Degree-Days",2023-10-27,5.61,"DegC"
"Long-run Average Degree-Days","Long-run Average Degree-Days",2023-10-28,5.94,"DegC"
"Long-run Average Degree-Days","Long-run Average Degree-Days",2023-10-29,6.5,"DegC"
"Long-run Average Degree-Days","Long-run Average Degree-Days",2023-10-30,5.76,"DegC"
"Long-run Average Degree-Days","Long-run Average Degree-Days",2023-10-31,5.5,"DegC"
"Long-run Average Degree-Days","Long-run Average Degree-Days",2023-11-01,6.56,"DegC"
"Long-run Average Degree-Days","Long-run Average Degree-Days",2023-11-02,6.86,"DegC"
"Long-run Average Degree-Days","Long-run Average Degree-Days",2023-11-03,6.72,"DegC"
"Long-run Average Degree-Days","Long-run Average Degree-Days",2023-11-04,7.15,"DegC"
"Long-run Average Degree-Days","Long-run Average Degree-Days",2023-11-05,7.2,"DegC"
"Long-run Average Degree-Days","Long-run Average Degree-Days",2023-11-06,7.1,"DegC"
"Long-run Average Degree-Days","Long-run Average Degree-Days",2023-11-07,7.47,"DegC"
"Long-run Average Degree-Days","Long-run Average Degree-Days",2023-11-08,7.21,"DegC"
"Long-run Average Degree-Days","Long-run Average Degree-Days",2023-11-09,7.63,"DegC"
"Long-run Average Degree-Days","Long-run Average Degree-Days",2023-11-10,7.73,"DegC"
"Long-run Average Degree-Days","Long-run Average Degree-Days",2023-11-11,7.07,"DegC"
"Long-run Average Degree-Days","Long-run Average Degree-Days",2023-11-12,7.02,"DegC"
"Long-run Average Degree-Days","Long-run Average Degree-Days",2023-11-13,7.69,"DegC"
"Long-run Average Degree-Days","Long-run Average Degree-Days",2023-11-14,6.99,"DegC"
"Long-run Average Degree-Days","Long-run Average Degree-Days",2023-11-15,7.35,"DegC"
"Long-run Average Degree-Days","Long-run Average Degree-Days",2023-11-16,8.14,"DegC"
"Long-run Average Degree-Days","Long-run Average Degree-Days",2023-11-17,8.29,"DegC"
"Long-run Average Degree-Days","Long-run Average Degree-Days",2023-11-18,8.05,"DegC"
"Long-run Average Degree-Days","Long-run Average Degree-Days",2023-11-19,8.54,"DegC"
"Long-run Average Degree-Days","Long-run Average Degree-Days",2023-11-20,8.44,"DegC"
"Long-run Average Degree-Days","Long-run Average Degree-Days",2023-11-21,8.9,"DegC"
"Long-run Average Degree-Days","Long-run Average Degree-Days",2023-11-22,9.47,"DegC"
"Long-run Average Degree-Days","Long-run Average Degree-Days",2023-11-23,9.76,"DegC"
"Long-run Average Degree-Days","Long-run Average Degree-Days",2023-11-24,8.67,"DegC"
"Long-run Average Degree-Days","Long-run Average Degree-Days",2023-11-25,8.88,"DegC"
"Long-run Average Degree-Days","Long-run Average Degree-Days",2023-11-26,9,"DegC"
"Long-run Average Degree-Days","Long-run Average Degree-Days",2023-11-27,8.97,"DegC"
"Long-run Average Degree-Days","Long-run Average Degree-Days",2023-11-28,9.4,"DegC"
"Long-run Average Degree-Days","Long-run Average Degree-Days",2023-11-29,9.63,"DegC"
"Long-run Average Degree-Days","Long-run Average Degree-Days",2023-11-30,9.11,"DegC"
"Long-run Average Degree-Days","Long-run Average Degree-Days",2023-12-01,9.73,"DegC"
"Long-run Average Degree-Days","Long-run Average Degree-Days",2023-12-02,9.35,"DegC"
"Long-run Average Degree-Days","Long-run Average Degree-Days",2023-12-03,9.87,"DegC"
"Long-run Average Degree-Days","Long-run Average Degree-Days",2023-12-04,10.1,"DegC"
"Long-run Average Degree-Days","Long-run Average Degree-Days",2023-12-05,9.82,"DegC"
"Long-run Average Degree-Days","Long-run Average Degree-Days",2023-12-06,9.63,"DegC"
"Long-run Average Degree-Days","Long-run Average Degree-Days",2023-12-07,9.55,"DegC"
"Long-run Average Degree-Days","Long-run Average Degree-Days",2023-12-08,9.8,"DegC"
"Long-run Average Degree-Days","Long-run Average Degree-Days",2023-12-09,9.44,"DegC"
"Long-run Average Degree-Days","Long-run Average Degree-Days",2023-12-10,9.33,"DegC"
"Long-run Average Degree-Days","Long-run Average Degree-Days",2023-12-11,9.52,"DegC"
"Long-run Average Degree-Days","Long-run Average Degree-Days",2023-12-12,9.64,"DegC"
"Long-run Average Degree-Days","Long-run Average Degree-Days",2023-12-13,9.72,"DegC"
"Long-run Average Degree-Days","Long-run Average Degree-Days",2023-12-14,10.08,"DegC"
"Long-run Average Degree-Days","Long-run Average Degree-Days",2023-12-15,10.35,"DegC"
"Long-run Average Degree-Days","Long-run Average Degree-Days",2023-12-16,9.91,"DegC"
"Long-run Average Degree-Days","Long-run Average Degree-Days",2023-12-17,9.69,"DegC"
"Long-run Average Degree-Days","Long-run Average Degree-Days",2023-12-18,10,"DegC"
"Long-run Average Degree-Days","Long-run Average Degree-Days",2023-12-19,10.07,"DegC"
"Long-run Average Degree-Days","Long-run Average Degree-Days",2023-12-20,10.4,"DegC"
"Long-run Average Degree-Days","Long-run Average Degree-Days",2023-12-21,9.89,"DegC"
"Long-run Average Degree-Days","Long-run Average Degree-Days",2023-12-22,9.55,"DegC"
"Long-run Average Degree-Days","Long-run Average Degree-Days",2023-12-23,9.71,"DegC"
"Long-run Average Degree-Days","Long-run Average Degree-Days",2023-12-24,9.86,"DegC"
"Long-run Average Degree-Days","Long-run Average Degree-Days",2023-12-25,10.69,"DegC"
"Long-run Average Degree-Days","Long-run Average Degree-Days",2023-12-26,10.6,"DegC"
"Long-run Average Degree-Days","Long-run Average Degree-Days",2023-12-27,10.78,"DegC"
"Long-run Average Degree-Days","Long-run Average Degree-Days",2023-12-28,10.77,"DegC"
"Long-run Average Degree-Days","Long-run Average Degree-Days",2023-12-29,10.43,"DegC"
"Long-run Average Degree-Days","Long-run Average Degree-Days",2023-12-30,9.75,"DegC"
"Seasonal Normal Temperature","Seasonal Normal Temperature",2023-01-01,5.04,"DegC"
"Seasonal Normal Temperature","Seasonal Normal Temperature",2023-01-02,5.05,"DegC"
"Seasonal Normal Temperature","Seasonal Normal Temperature",2023-01-03,5.1,"DegC"
"Seasonal Normal Temperature","Seasonal Normal Temperature",2023-01-04,5.18,"DegC"
"Seasonal Normal Temperature","Seasonal Normal Temperature",2023-01-05,5.27,"DegC"
"Seasonal Normal Temperature","Seasonal Normal Temperature",2023-01-06,5.32,"DegC"
"Seasonal Normal Temperature","Seasonal Normal Temperature",2023-01-07,5.32,"DegC"
"Seasonal Normal Temperature","Seasonal Normal Temperature",2023-01-08,5.32,"DegC"
"Seasonal Normal Temperature","Seasonal Normal Temperature",2023-01-09,5.32,"DegC"
"Seasonal Normal Temperature","Seasonal Normal Temperature",2023-01-10,5.33,"DegC"
"Seasonal Normal Temperature","Seasonal Normal Temperature",2023-01-11,5.35,"DegC"
"Seasonal Normal Temperature","Seasonal Normal Temperature",2023-01-12,5.38,"DegC"
"Seasonal Normal Temperature","Seasonal Normal Temperature",2023-01-13,5.38,"DegC"
"Seasonal Normal Temperature","Seasonal Normal Temperature",2023-01-14,5.37,"DegC"
"Seasonal Normal Temperature","Seasonal Normal Temperature",2023-01-15,5.35,"DegC"
"Seasonal Normal Temperature","Seasonal Normal Temperature",2023-01-16,5.36,"DegC"
"Seasonal Normal Temperature","Seasonal Normal Temperature",2023-01-17,5.39,"DegC"
"Seasonal Normal Temperature","Seasonal Normal Temperature",2023-01-18,5.39,"DegC"
"Seasonal Normal Temperature","Seasonal Normal Temperature",2023-01-19,5.36,"DegC"
"Seasonal Normal Temperature","Seasonal Normal Temperature",2023-01-20,5.33,"DegC"
"Seasonal Normal Temperature","Seasonal Normal Temperature",2023-01-21,5.28,"DegC"
"Seasonal Normal Temperature","Seasonal Normal Temperature",2023-01-22,5.26,"DegC"
"Seasonal Normal Temperature","Seasonal Normal Temperature",2023-01-23,5.21,"DegC"
"Seasonal Normal Temperature","Seasonal Normal Temperature",2023-01-24,5.2,"DegC"
"Seasonal Normal Temperature","Seasonal Normal Temperature",2023-01-25,5.2,"DegC"
"Seasonal Normal Temperature","Seasonal Normal Temperature",2023-01-26,5.19,"DegC"
"Seasonal Normal Temperature","Seasonal Normal Temperature",2023-01-27,5.2,"DegC"
"Seasonal Normal Temperature","Seasonal Normal Temperature",2023-01-28,5.23,"DegC"
"Seasonal Normal Temperature","Seasonal Normal Temperature",2023-01-29,5.26,"DegC"
"Seasonal Normal Temperature","Seasonal Normal Temperature",2023-01-30,5.3,"DegC"
"Seasonal Normal Temperature","Seasonal Normal Temperature",2023-01-31,5.3,"DegC"
"Seasonal Normal Temperature","Seasonal Normal Temperature",2023-02-01,5.29,"DegC"
"Seasonal Normal Temperature","Seasonal Normal Temperature",2023-02-02,5.24,"DegC"
"Seasonal Normal Temperature","Seasonal Normal Temperature",2023-02-03,5.21,"DegC"
"Seasonal Normal Temperature","Seasonal Normal Temperature",2023-02-04,5.19,"DegC"
"Seasonal Normal Temperature","Seasonal Normal Temperature",2023-02-05,5.23,"DegC"
"Seasonal Normal Temperature","Seasonal Normal Temperature",2023-02-06,5.28,"DegC"
"Seasonal Normal Temperature","Seasonal Normal Temperature",2023-02-07,5.32,"DegC"
"Seasonal Normal Temperature","Seasonal Normal Temperature",2023-02-08,5.34,"DegC"
"Seasonal Normal Temperature","Seasonal Normal Temperature",2023-02-09,5.37,"DegC"
"Seasonal Normal Temperature","Seasonal Normal Temperature",2023-02-10,5.42,"DegC"
"Seasonal Normal Temperature","Seasonal Normal Temperature",2023-02-11,5.42,"DegC"
"Seasonal Normal Temperature","Seasonal Normal Temperature",2023-02-12,5.44,"DegC"
"Seasonal Normal Temperature","Seasonal Normal Temperature",2023-02-13,5.47,"DegC"
"Seasonal Normal Temperature","Seasonal Normal Temperature",2023-02-14,5.5,"DegC"
"Seasonal Normal Temperature","Seasonal Normal Temperature",2023-02-15,5.58,"DegC"
"Seasonal Normal Temperature","Seasonal Normal Temperature",2023-02-16,5.65,"DegC"
"Seasonal Normal Temperature","Seasonal Normal Temperature",2023-02-17,5.67,"DegC"
"Seasonal Normal Temperature","Seasonal Normal Temperature",2023-02-18,5.73,"DegC"
"Seasonal Normal Temperature","Seasonal Normal Temperature",2023-02-19,5.76,"DegC"
"Seasonal Normal Temperature","Seasonal Normal Temperature",2023-02-20,5.73,"DegC"
"Seasonal Normal Temperature","Seasonal Normal Temperature",2023-02-21,5.68,"DegC"
"Seasonal Normal Temperature","Seasonal Normal Temperature",2023-02-22,5.69,"DegC"
"Seasonal Normal Temperature","Seasonal Normal Temperature",2023-02-23,5.62,"DegC"
"Seasonal Normal Temperature","Seasonal Normal Temperature",2023-02-24,5.51,"DegC"
"Seasonal Normal Temperature","Seasonal Normal Temperature",2023-02-25,5.41,"DegC"
"Seasonal Normal Temperature","Seasonal Normal Temperature",2023-02-26,5.35,"DegC"
"Seasonal Normal Temperature","Seasonal Normal Temperature",2023-02-27,5.3,"DegC"
"Seasonal Normal Temperature","Seasonal Normal Temperature",2023-02-28,5.31,"DegC"
"Seasonal Normal Temperature","Seasonal Normal Temperature",2023-03-01,5.38,"DegC"
"Seasonal Normal Temperature","Seasonal Normal Temperature",2023-03-02,5.4,"DegC"
"Seasonal Normal Temperature","Seasonal Normal Temperature",2023-03-03,5.51,"DegC"
"Seasonal Normal Temperature","Seasonal Normal Temperature",2023-03-04,5.56,"DegC"
"Seasonal Normal Temperature","Seasonal Normal Temperature",2023-03-05,5.61,"DegC"
"Seasonal Normal Temperature","Seasonal Normal Temperature",2023-03-06,5.7,"DegC"
"Seasonal Normal Temperature","Seasonal Normal Temperature",2023-03-07,5.84,"DegC"
"Seasonal Normal Temperature","Seasonal Normal Temperature",2023-03-08,5.95,"DegC"
"Seasonal Normal Temperature","Seasonal Normal Temperature",2023-03-09,6.12,"DegC"
"Seasonal Normal Temperature","Seasonal Normal Temperature",2023-03-10,6.3,"DegC"
"Seasonal Normal Temperature","Seasonal Normal Temperature",2023-03-11,6.44,"DegC"
"Seasonal Normal Temperature","Seasonal Normal Temperature",2023-03-12,6.56,"DegC"
"Seasonal Normal Temperature","Seasonal Normal Temperature",2023-03-13,6.69,"DegC"
"Seasonal Normal Temperature","Seasonal Normal Temperature",2023-03-14,6.76,"DegC"
"Seasonal Normal Temperature","Seasonal Normal Temperature",2023-03-15,6.78,"DegC"
"Seasonal Normal Temperature","Seasonal Normal Temperature",2023-03-16,6.82,"DegC"
"Seasonal Normal Temperature","Seasonal Normal Temperature",2023-03-17,6.88,"DegC"
"Seasonal Normal Temperature","Seasonal Normal Temperature",2023-03-18,6.93,"DegC"
"Seasonal Normal Temperature","Seasonal Normal Temperature",2023-03-19,6.97,"DegC"
"Seasonal Normal Temperature","Seasonal Normal Temperature",2023-03-20,7.02,"DegC"
"Seasonal Normal Temperature","Seasonal Normal Temperature",2023-03-21,7.04,"DegC"
"Seasonal Normal Temperature","Seasonal Normal Temperature",2023-03-22,7.05,"DegC"
"Seasonal Normal Temperature","Seasonal Normal Temperature",2023-03-23,7.04,"DegC"
"Seasonal Normal Temperature","Seasonal Normal Temperature",2023-03-24,7.08,"DegC"
"Seasonal Normal Temperature","Seasonal Normal Temperature",2023-03-25,7.12,"DegC"
"Seasonal Normal Temperature","Seasonal Normal Temperature",2023-03-26,7.2,"DegC"
"Seasonal Normal Temperature","Seasonal Normal Temperature",2023-03-27,7.28,"DegC"
"Seasonal Normal Temperature","Seasonal Normal Temperature",2023-03-28,7.31,"DegC"
"Seasonal Normal Temperature","Seasonal Normal Temperature",2023-03-29,7.35,"DegC"
"Seasonal Normal Temperature","Seasonal Normal Temperature",2023-03-30,7.41,"DegC"
"Seasonal Normal Temperature","Seasonal Normal Temperature",2023-03-31,7.44,"DegC"
"Seasonal Normal Temperature","Seasonal Normal Temperature",2023-04-01,7.43,"DegC"
"Seasonal Normal Temperature","Seasonal Normal Temperature",2023-04-02,7.44,"DegC"
"Seasonal Normal Temperature","Seasonal Normal Temperature",2023-04-03,7.46,"DegC"
"Seasonal Normal Temperature","Seasonal Normal Temperature",2023-04-04,7.48,"DegC"
"Seasonal Normal Temperature","Seasonal Normal Temperature",2023-04-05,7.51,"DegC"
"Seasonal Normal Temperature","Seasonal Normal Temperature",2023-04-06,7.53,"DegC"
"Seasonal Normal Temperature","Seasonal Normal Temperature",2023-04-07,7.57,"DegC"
"Seasonal Normal Temperature","Seasonal Normal Temperature",2023-04-08,7.6,"DegC"
"Seasonal Normal Temperature","Seasonal Normal Temperature",2023-04-09,7.6,"DegC"
"Seasonal Normal Temperature","Seasonal Normal Temperature",2023-04-10,7.63,"DegC"
"Seasonal Normal Temperature","Seasonal Normal Temperature",2023-04-11,7.66,"DegC"
"Seasonal Normal Temperature","Seasonal Normal Temperature",2023-04-12,7.69,"DegC"
"Seasonal Normal Temperature","Seasonal Normal Temperature",2023-04-13,7.73,"DegC"
"Seasonal Normal Temperature","Seasonal Normal Temperature",2023-04-14,7.81,"DegC"
"Seasonal Normal Temperature","Seasonal Normal Temperature",2023-04-15,7.94,"DegC"
"Seasonal Normal Temperature","Seasonal Normal Temperature",2023-04-16,8.1,"DegC"
"Seasonal Normal Temperature","Seasonal Normal Temperature",2023-04-17,8.23,"DegC"
"Seasonal Normal Temperature","Seasonal Normal Temperature",2023-04-18,8.35,"DegC"
"Seasonal Normal Temperature","Seasonal Normal Temperature",2023-04-19,8.45,"DegC"
"Seasonal Normal Temperature","Seasonal Normal Temperature",2023-04-20,8.52,"DegC"
"Seasonal Normal Temperature","Seasonal Normal Temperature",2023-04-21,8.6,"DegC"
"Seasonal Normal Temperature","Seasonal Normal Temperature",2023-04-22,8.64,"DegC"
"Seasonal Normal Temperature","Seasonal Normal Temperature",2023-04-23,8.7,"DegC"
"Seasonal Normal Temperature","Seasonal Normal Temperature",2023-04-24,8.83,"DegC"
"Seasonal Normal Temperature","Seasonal Normal Temperature",2023-04-25,8.91,"DegC"
"Seasonal Normal Temperature","Seasonal Normal Temperature",2023-04-26,9.03,"DegC"
"Seasonal Normal Temperature","Seasonal Normal Temperature",2023-04-27,9.17,"DegC"
"Seasonal Normal Temperature","Seasonal Normal Temperature",2023-04-28,9.3,"DegC"
"Seasonal Normal Temperature","Seasonal Normal Temperature",2023-04-29,9.34,"DegC"
"Seasonal Normal Temperature","Seasonal Normal Temperature",2023-04-30,9.38,"DegC"
"Seasonal Normal Temperature","Seasonal Normal Temperature",2023-05-01,9.41,"DegC"
"Seasonal Normal Temperature","Seasonal Normal Temperature",2023-05-02,9.42,"DegC"
"Seasonal Normal Temperature","Seasonal Normal Temperature",2023-05-03,9.48,"DegC"
"Seasonal Normal Temperature","Seasonal Normal Temperature",2023-05-04,9.56,"DegC"
"Seasonal Normal Temperature","Seasonal Normal Temperature",2023-05-05,9.65,"DegC"
"Seasonal Normal Temperature","Seasonal Normal Temperature",2023-05-06,9.74,"DegC"
"Seasonal Normal Temperature","Seasonal Normal Temperature",2023-05-07,9.83,"DegC"
"Seasonal Normal Temperature","Seasonal Normal Temperature",2023-05-08,9.9,"DegC"
"Seasonal Normal Temperature","Seasonal Normal Temperature",2023-05-09,9.94,"DegC"
"Seasonal Normal Temperature","Seasonal Normal Temperature",2023-05-10,10,"DegC"
"Seasonal Normal Temperature","Seasonal Normal Temperature",2023-05-11,10.07,"DegC"
"Seasonal Normal Temperature","Seasonal Normal Temperature",2023-05-12,10.14,"DegC"
"Seasonal Normal Temperature","Seasonal Normal Temperature",2023-05-13,10.21,"DegC"
"Seasonal Normal Temperature","Seasonal Normal Temperature",2023-05-14,10.28,"DegC"
"Seasonal Normal Temperature","Seasonal Normal Temperature",2023-05-15,10.36,"DegC"
"Seasonal Normal Temperature","Seasonal Normal Temperature",2023-05-16,10.43,"DegC"
"Seasonal Normal Temperature","Seasonal Normal Temperature",2023-05-17,10.56,"DegC"
"Seasonal Normal Temperature","Seasonal Normal Temperature",2023-05-18,10.64,"DegC"
"Seasonal Normal Temperature","Seasonal Normal Temperature",2023-05-19,10.76,"DegC"
"Seasonal Normal Temperature","Seasonal Normal Temperature",2023-05-20,10.85,"DegC"
"Seasonal Normal Temperature","Seasonal Normal Temperature",2023-05-21,10.96,"DegC"
"Seasonal Normal Temperature","Seasonal Normal Temperature",2023-05-22,11.08,"DegC"
"Seasonal Normal Temperature","Seasonal Normal Temperature",2023-05-23,11.18,"DegC"
"Seasonal Normal Temperature","Seasonal Normal Temperature",2023-05-24,11.26,"DegC"
"Seasonal Normal Temperature","Seasonal Normal Temperature",2023-05-25,11.41,"DegC"
"Seasonal Normal Temperature","Seasonal Normal Temperature",2023-05-26,11.54,"DegC"
"Seasonal Normal Temperature","Seasonal Normal Temperature",2023-05-27,11.63,"DegC"
"Seasonal Normal Temperature","Seasonal Normal Temperature",2023-05-28,11.68,"DegC"
"Seasonal Normal Temperature","Seasonal Normal Temperature",2023-05-29,11.73,"DegC"
"Seasonal Normal Temperature","Seasonal Normal Temperature",2023-05-30,11.79,"DegC"
"Seasonal Normal Temperature","Seasonal Normal Temperature",2023-05-31,11.84,"DegC"
"Seasonal Normal Temperature","Seasonal Normal Temperature",2023-06-01,11.89,"DegC"
"Seasonal Normal Temperature","Seasonal Normal Temperature",2023-06-02,11.96,"DegC"
"Seasonal Normal Temperature","Seasonal Normal Temperature",2023-06-03,12.01,"DegC"
"Seasonal Normal Temperature","Seasonal Normal Temperature",2023-06-04,12.11,"DegC"
"Seasonal Normal Temperature","Seasonal Normal Temperature",2023-06-05,12.16,"DegC"
"Seasonal Normal Temperature","Seasonal Normal Temperature",2023-06-06,12.22,"DegC"
"Seasonal Normal Temperature","Seasonal Normal Temperature",2023-06-07,12.29,"DegC"
"Seasonal Normal Temperature","Seasonal Normal Temperature",2023-06-08,12.35,"DegC"
"Seasonal Normal Temperature","Seasonal Normal Temperature",2023-06-09,12.37,"DegC"
"Seasonal Normal Temperature","Seasonal Normal Temperature",2023-06-10,12.44,"DegC"
"Seasonal Normal Temperature","Seasonal Normal Temperature",2023-06-11,12.49,"DegC"
"Seasonal Normal Temperature","Seasonal Normal Temperature",2023-06-12,12.58,"DegC"
"Seasonal Normal Temperature","Seasonal Normal Temperature",2023-06-13,12.64,"DegC"
"Seasonal Normal Temperature","Seasonal Normal Temperature",2023-06-14,12.69,"DegC"
"Seasonal Normal Temperature","Seasonal Normal Temperature",2023-06-15,12.74,"DegC"
"Seasonal Normal Temperature","Seasonal Normal Temperature",2023-06-16,12.81,"DegC"
"Seasonal Normal Temperature","Seasonal Normal Temperature",2023-06-17,12.86,"DegC"
"Seasonal Normal Temperature","Seasonal Normal Temperature",2023-06-18,12.9,"DegC"
"Seasonal Normal Temperature","Seasonal Normal Temperature",2023-06-19,12.96,"DegC"
"Seasonal Normal Temperature","Seasonal Normal Temperature",2023-06-20,13.03,"DegC"
"Seasonal Normal Temperature","Seasonal Normal Temperature",2023-06-21,13.06,"DegC"
"Seasonal Normal Temperature","Seasonal Normal Temperature",2023-06-22,13.14,"DegC"
"Seasonal Normal Temperature","Seasonal Normal Temperature",2023-06-23,13.21,"DegC"
"Seasonal Normal Temperature","Seasonal Normal Temperature",2023-06-24,13.25,"DegC"
"Seasonal Normal Temperature","Seasonal Normal Temperature",2023-06-25,13.26,"DegC"
"Seasonal Normal Temperature","Seasonal Normal Temperature",2023-06-26,13.31,"DegC"
"Seasonal Normal Temperature","Seasonal Normal Temperature",2023-06-27,13.37,"DegC"
"Seasonal Normal Temperature","Seasonal Normal Temperature",2023-06-28,13.43,"DegC"
"Seasonal Normal Temperature","Seasonal Normal Temperature",2023-06-29,13.49,"DegC"
"Seasonal Normal Temperature","Seasonal Normal Temperature",2023-06-30,13.55,"DegC"
"Seasonal Normal Temperature","Seasonal Normal Temperature",2023-07-01,13.59,"DegC"
"Seasonal Normal Temperature","Seasonal Normal Temperature",2023-07-02,13.64,"DegC"
"Seasonal Normal Temperature","Seasonal Normal Temperature",2023-07-03,13.69,"DegC"
"Seasonal Normal Temperature","Seasonal Normal Temperature",2023-07-04,13.7,"DegC"
"Seasonal Normal Temperature","Seasonal Normal Temperature",2023-07-05,13.73,"DegC"
"Seasonal Normal Temperature","Seasonal Normal Temperature",2023-07-06,13.75,"DegC"
"Seasonal Normal Temperature","Seasonal Normal Temperature",2023-07-07,13.76,"DegC"
"Seasonal Normal Temperature","Seasonal Normal Temperature",2023-07-08,13.77,"DegC"
"Seasonal Normal Temperature","Seasonal Normal Temperature",2023-07-09,13.81,"DegC"
"Seasonal Normal Temperature","Seasonal Normal Temperature",2023-07-10,13.83,"DegC"
"Seasonal Normal Temperature","Seasonal Normal Temperature",2023-07-11,13.87,"DegC"
"Seasonal Normal Temperature","Seasonal Normal Temperature",2023-07-12,13.87,"DegC"
"Seasonal Normal Temperature","Seasonal Normal Temperature",2023-07-13,13.89,"DegC"
"Seasonal Normal Temperature","Seasonal Normal Temperature",2023-07-14,13.91,"DegC"
"Seasonal Normal Temperature","Seasonal Normal Temperature",2023-07-15,13.93,"DegC"
"Seasonal Normal Temperature","Seasonal Normal Temperature",2023-07-16,13.98,"DegC"
"Seasonal Normal Temperature","Seasonal Normal Temperature",2023-07-17,14.01,"DegC"
"Seasonal Normal Temperature","Seasonal Normal Temperature",2023-07-18,14.04,"DegC"
"Seasonal Normal Temperature","Seasonal Normal Temperature",2023-07-19,14.08,"DegC"
"Seasonal Normal Temperature","Seasonal Normal Temperature",2023-07-20,14.12,"DegC"
"Seasonal Normal Temperature","Seasonal Normal Temperature",2023-07-21,14.15,"DegC"
"Seasonal Normal Temperature","Seasonal Normal Temperature",2023-07-22,14.18,"DegC"
"Seasonal Normal Temperature","Seasonal Normal Temperature",2023-07-23,14.2,"DegC"
"Seasonal Normal Temperature","Seasonal Normal Temperature",2023-07-24,14.22,"DegC"
"Seasonal Normal Temperature","Seasonal Normal Temperature",2023-07-25,14.23,"DegC"
"Seasonal Normal Temperature","Seasonal Normal Temperature",2023-07-26,14.24,"DegC"
"Seasonal Normal Temperature","Seasonal Normal Temperature",2023-07-27,14.27,"DegC"
"Seasonal Normal Temperature","Seasonal Normal Temperature",2023-07-28,14.3,"DegC"
"Seasonal Normal Temperature","Seasonal Normal Temperature",2023-07-29,14.32,"DegC"
"Seasonal Normal Temperature","Seasonal Normal Temperature",2023-07-30,14.32,"DegC"
"Seasonal Normal Temperature","Seasonal Normal Temperature",2023-07-31,14.3,"DegC"
"Seasonal Normal Temperature","Seasonal Normal Temperature",2023-08-01,14.26,"DegC"
"Seasonal Normal Temperature","Seasonal Normal Temperature",2023-08-02,14.25,"DegC"
"Seasonal Normal Temperature","Seasonal Normal Temperature",2023-08-03,14.22,"DegC"
"Seasonal Normal Temperature","Seasonal Normal Temperature",2023-08-04,14.21,"DegC"
"Seasonal Normal Temperature","Seasonal Normal Temperature",2023-08-05,14.21,"DegC"
"Seasonal Normal Temperature","Seasonal Normal Temperature",2023-08-06,14.19,"DegC"
"Seasonal Normal Temperature","Seasonal Normal Temperature",2023-08-07,14.19,"DegC"
"Seasonal Normal Temperature","Seasonal Normal Temperature",2023-08-08,14.16,"DegC"
"Seasonal Normal Temperature","Seasonal Normal Temperature",2023-08-09,14.15,"DegC"
"Seasonal Normal Temperature","Seasonal Normal Temperature",2023-08-10,14.14,"DegC"
"Seasonal Normal Temperature","Seasonal Normal Temperature",2023-08-11,14.1,"DegC"
"Seasonal Normal Temperature","Seasonal Normal Temperature",2023-08-12,14.08,"DegC"
"Seasonal Normal Temperature","Seasonal Normal Temperature",2023-08-13,14.06,"DegC"
"Seasonal Normal Temperature","Seasonal Normal Temperature",2023-08-14,14.06,"DegC"
"Seasonal Normal Temperature","Seasonal Normal Temperature",2023-08-15,14.04,"DegC"
"Seasonal Normal Temperature","Seasonal Normal Temperature",2023-08-16,14.04,"DegC"
"Seasonal Normal Temperature","Seasonal Normal Temperature",2023-08-17,14,"DegC"
"Seasonal Normal Temperature","Seasonal Normal Temperature",2023-08-18,13.97,"DegC"
"Seasonal Normal Temperature","Seasonal Normal Temperature",2023-08-19,13.94,"DegC"
"Seasonal Normal Temperature","Seasonal Normal Temperature",2023-08-20,13.9,"DegC"
"Seasonal Normal Temperature","Seasonal Normal Temperature",2023-08-21,13.86,"DegC"
"Seasonal Normal Temperature","Seasonal Normal Temperature",2023-08-22,13.81,"DegC"
"Seasonal Normal Temperature","Seasonal Normal Temperature",2023-08-23,13.76,"DegC"
"Seasonal Normal Temperature","Seasonal Normal Temperature",2023-08-24,13.69,"DegC"
"Seasonal Normal Temperature","Seasonal Normal Temperature",2023-08-25,13.65,"DegC"
"Seasonal Normal Temperature","Seasonal Normal Temperature",2023-08-26,13.64,"DegC"
"Seasonal Normal Temperature","Seasonal Normal Temperature",2023-08-27,13.6,"DegC"
"Seasonal Normal Temperature","Seasonal Normal Temperature",2023-08-28,13.57,"DegC"
"Seasonal Normal Temperature","Seasonal Normal Temperature",2023-08-29,13.52,"DegC"
"Seasonal Normal Temperature","Seasonal Normal Temperature",2023-08-30,13.5,"DegC"
"Seasonal Normal Temperature","Seasonal Normal Temperature",2023-08-31,13.47,"DegC"
"Seasonal Normal Temperature","Seasonal Normal Temperature",2023-09-01,13.47,"DegC"
"Seasonal Normal Temperature","Seasonal Normal Temperature",2023-09-02,13.44,"DegC"
"Seasonal Normal Temperature","Seasonal Normal Temperature",2023-09-03,13.39,"DegC"
"Seasonal Normal Temperature","Seasonal Normal Temperature",2023-09-04,13.39,"DegC"
"Seasonal Normal Temperature","Seasonal Normal Temperature",2023-09-05,13.35,"DegC"
"Seasonal Normal Temperature","Seasonal Normal Temperature",2023-09-06,13.29,"DegC"
"Seasonal Normal Temperature","Seasonal Normal Temperature",2023-09-07,13.26,"DegC"
"Seasonal Normal Temperature","Seasonal Normal Temperature",2023-09-08,13.23,"DegC"
"Seasonal Normal Temperature","Seasonal Normal Temperature",2023-09-09,13.15,"DegC"
"Seasonal Normal Temperature","Seasonal Normal Temperature",2023-09-10,13.02,"DegC"
"Seasonal Normal Temperature","Seasonal Normal Temperature",2023-09-11,12.93,"DegC"
"Seasonal Normal Temperature","Seasonal Normal Temperature",2023-09-12,12.85,"DegC"
"Seasonal Normal Temperature","Seasonal Normal Temperature",2023-09-13,12.82,"DegC"
"Seasonal Normal Temperature","Seasonal Normal Temperature",2023-09-14,12.77,"DegC"
"Seasonal Normal Temperature","Seasonal Normal Temperature",2023-09-15,12.71,"DegC"
"Seasonal Normal Temperature","Seasonal Normal Temperature",2023-09-16,12.62,"DegC"
"Seasonal Normal Temperature","Seasonal Normal Temperature",2023-09-17,12.55,"DegC"
"Seasonal Normal Temperature","Seasonal Normal Temperature",2023-09-18,12.46,"DegC"
"Seasonal Normal Temperature","Seasonal Normal Temperature",2023-09-19,12.39,"DegC"
"Seasonal Normal Temperature","Seasonal Normal Temperature",2023-09-20,12.35,"DegC"
"Seasonal Normal Temperature","Seasonal Normal Temperature",2023-09-21,12.34,"DegC"
"Seasonal Normal Temperature","Seasonal Normal Temperature",2023-09-22,12.32,"DegC"
"Seasonal Normal Temperature","Seasonal Normal Temperature",2023-09-23,12.31,"DegC"
"Seasonal Normal Temperature","Seasonal Normal Temperature",2023-09-24,12.28,"DegC"
"Seasonal Normal Temperature","Seasonal Normal Temperature",2023-09-25,12.27,"DegC"
"Seasonal Normal Temperature","Seasonal Normal Temperature",2023-09-26,12.24,"DegC"
"Seasonal Normal Temperature","Seasonal Normal Temperature",2023-09-27,12.15,"DegC"
"Seasonal Normal Temperature","Seasonal Normal Temperature",2023-09-28,12.03,"DegC"
"Seasonal Normal Temperature","Seasonal Normal Temperature",2023-09-29,11.93,"DegC"
"Seasonal Normal Temperature","Seasonal Normal Temperature",2023-09-30,11.84,"DegC"
"Seasonal Normal Temperature","Seasonal Normal Temperature",2023-10-01,11.81,"DegC"
"Seasonal Normal Temperature","Seasonal Normal Temperature",2023-10-02,11.79,"DegC"
"Seasonal Normal Temperature","Seasonal Normal Temperature",2023-10-03,11.77,"DegC"
"Seasonal Normal Temperature","Seasonal Normal Temperature",2023-10-04,11.66,"DegC"
"Seasonal Normal Temperature","Seasonal Normal Temperature",2023-10-05,11.58,"DegC"
"Seasonal Normal Temperature","Seasonal Normal Temperature",2023-10-06,11.45,"DegC"
"Seasonal Normal Temperature","Seasonal Normal Temperature",2023-10-07,11.32,"DegC"
"Seasonal Normal Temperature","Seasonal Normal Temperature",2023-10-08,11.18,"DegC"
"Seasonal Normal Temperature","Seasonal Normal Temperature",2023-10-09,11.08,"DegC"
"Seasonal Normal Temperature","Seasonal Normal Temperature",2023-10-10,10.99,"DegC"
"Seasonal Normal Temperature","Seasonal Normal Temperature",2023-10-11,10.87,"DegC"
"Seasonal Normal Temperature","Seasonal Normal Temperature",2023-10-12,10.83,"DegC"
"Seasonal Normal Temperature","Seasonal Normal Temperature",2023-10-13,10.76,"DegC"
"Seasonal Normal Temperature","Seasonal Normal Temperature",2023-10-14,10.65,"DegC"
"Seasonal Normal Temperature","Seasonal Normal Temperature",2023-10-15,10.56,"DegC"
"Seasonal Normal Temperature","Seasonal Normal Temperature",2023-10-16,10.5,"DegC"
"Seasonal Normal Temperature","Seasonal Normal Temperature",2023-10-17,10.4,"DegC"
"Seasonal Normal Temperature","Seasonal Normal Temperature",2023-10-18,10.29,"DegC"
"Seasonal Normal Temperature","Seasonal Normal Temperature",2023-10-19,10.23,"DegC"
"Seasonal Normal Temperature","Seasonal Normal Temperature",2023-10-20,10.16,"DegC"
"Seasonal Normal Temperature","Seasonal Normal Temperature",2023-10-21,10.1,"DegC"
"Seasonal Normal Temperature","Seasonal Normal Temperature",2023-10-22,10.01,"DegC"
"Seasonal Normal Temperature","Seasonal Normal Temperature",2023-10-23,9.96,"DegC"
"Seasonal Normal Temperature","Seasonal Normal Temperature",2023-10-24,9.94,"DegC"
"Seasonal Normal Temperature","Seasonal Normal Temperature",2023-10-25,9.85,"DegC"
"Seasonal Normal Temperature","Seasonal Normal Temperature",2023-10-26,9.76,"DegC"
"Seasonal Normal Temperature","Seasonal Normal Temperature",2023-10-27,9.65,"DegC"
"Seasonal Normal Temperature","Seasonal Normal Temperature",2023-10-28,9.53,"DegC"
"Seasonal Normal Temperature","Seasonal Normal Temperature",2023-10-29,9.44,"DegC"
"Seasonal Normal Temperature","Seasonal Normal Temperature",2023-10-30,9.34,"DegC"
"Seasonal Normal Temperature","Seasonal Normal Temperature",2023-10-31,9.16,"DegC"
"Seasonal Normal Temperature","Seasonal Normal Temperature",2023-11-01,9.04,"DegC"
"Seasonal Normal Temperature","Seasonal Normal Temperature",2023-11-02,8.92,"DegC"
"Seasonal Normal Temperature","Seasonal Normal Temperature",2023-11-03,8.77,"DegC"
"Seasonal Normal Temperature","Seasonal Normal Temperature",2023-11-04,8.67,"DegC"
"Seasonal Normal Temperature","Seasonal Normal Temperature",2023-11-05,8.6,"DegC"
"Seasonal Normal Temperature","Seasonal Normal Temperature",2023-11-06,8.52,"DegC"
"Seasonal Normal Temperature","Seasonal Normal Temperature",2023-11-07,8.44,"DegC"
"Seasonal Normal Temperature","Seasonal Normal Temperature",2023-11-08,8.32,"DegC"
"Seasonal Normal Temperature","Seasonal Normal Temperature",2023-11-09,8.21,"DegC"
"Seasonal Normal Temperature","Seasonal Normal Temperature",2023-11-10,8.12,"DegC"
"Seasonal Normal Temperature","Seasonal Normal Temperature",2023-11-11,8.03,"DegC"
"Seasonal Normal Temperature","Seasonal Normal Temperature",2023-11-12,7.93,"DegC"
"Seasonal Normal Temperature","Seasonal Normal Temperature",2023-11-13,7.85,"DegC"
"Seasonal Normal Temperature","Seasonal Normal Temperature",2023-11-14,7.73,"DegC"
"Seasonal Normal Temperature","Seasonal Normal Temperature",2023-11-15,7.6,"DegC"
"Seasonal Normal Temperature","Seasonal Normal Temperature",2023-11-16,7.43,"DegC"
"Seasonal Normal Temperature","Seasonal Normal Temperature",2023-11-17,7.36,"DegC"
"Seasonal Normal Temperature","Seasonal Normal Temperature",2023-11-18,7.28,"DegC"
"Seasonal Normal Temperature","Seasonal Normal Temperature",2023-11-19,7.15,"DegC"
"Seasonal Normal Temperature","Seasonal Normal Temperature",2023-11-20,7.02,"DegC"
"Seasonal Normal Temperature","Seasonal Normal Temperature",2023-11-21,6.91,"DegC"
"Seasonal Normal Temperature","Seasonal Normal Temperature",2023-11-22,6.73,"DegC"
"Seasonal Normal Temperature","Seasonal Normal Temperature",2023-11-23,6.62,"DegC"
"Seasonal Normal Temperature","Seasonal Normal Temperature",2023-11-24,6.51,"DegC"
"Seasonal Normal Temperature","Seasonal Normal Temperature",2023-11-25,6.44,"DegC"
"Seasonal Normal Temperature","Seasonal Normal Temperature",2023-11-26,6.32,"DegC"
"Seasonal Normal Temperature","Seasonal Normal Temperature",2023-11-27,6.21,"DegC"
"Seasonal Normal Temperature","Seasonal Normal Temperature",2023-11-28,6.12,"DegC"
"Seasonal Normal Temperature","Seasonal Normal Temperature",2023-11-29,6.07,"DegC"
"Seasonal Normal Temperature","Seasonal Normal Temperature",2023-11-30,6.07,"DegC"
"Seasonal Normal Temperature","Seasonal Normal Temperature",2023-12-01,6.07,"DegC"
"Seasonal Normal Temperature","Seasonal Normal Temperature",2023-12-02,6.01,"DegC"
"Seasonal Normal Temperature","Seasonal Normal Temperature",2023-12-03,5.98,"DegC"
"Seasonal Normal Temperature","Seasonal Normal Temperature",2023-12-04,5.95,"DegC"
"Seasonal Normal Temperature","Seasonal Normal Temperature",2023-12-05,5.91,"DegC"
"Seasonal Normal Temperature","Seasonal Normal Temperature",2023-12-06,5.88,"DegC"
"Seasonal Normal Temperature","Seasonal Normal Temperature",2023-12-07,5.85,"DegC"
"Seasonal Normal Temperature","Seasonal Normal Temperature",2023-12-08,5.77,"DegC"
"Seasonal Normal Temperature","Seasonal Normal Temperature",2023-12-09,5.76,"DegC"
"Seasonal Normal Temperature","Seasonal Normal Temperature",2023-12-10,5.74,"DegC"
"Seasonal Normal Temperature","Seasonal Normal Temperature",2023-12-11,5.73,"DegC"
"Seasonal Normal Temperature","Seasonal Normal Temperature",2023-12-12,5.73,"DegC"
"Seasonal Normal Temperature","Seasonal Normal Temperature",2023-12-13,5.69,"DegC"
"Seasonal Normal Temperature","Seasonal Normal Temperature",2023-12-14,5.67,"DegC"
"Seasonal Normal Temperature","Seasonal Normal Temperature",2023-12-15,5.67,"DegC"
"Seasonal Normal Temperature","Seasonal Normal Temperature",2023-12-16,5.68,"DegC"
"Seasonal Normal Temperature","Seasonal Normal Temperature",2023-12-17,5.65,"DegC"
"Seasonal Normal Temperature","Seasonal Normal Temperature",2023-12-18,5.56,"DegC"
"Seasonal Normal Temperature","Seasonal Normal Temperature",2023-12-19,5.49,"DegC"
"Seasonal Normal Temperature","Seasonal Normal Temperature",2023-12-20,5.41,"DegC"
"Seasonal Normal Temperature","Seasonal Normal Temperature",2023-12-21,5.34,"DegC"
"Seasonal Normal Temperature","Seasonal Normal Temperature",2023-12-22,5.32,"DegC"
"Seasonal Normal Temperature","Seasonal Normal Temperature",2023-12-23,5.36,"DegC"
"Seasonal Normal Temperature","Seasonal Normal Temperature",2023-12-24,5.38,"DegC"
"Seasonal Normal Temperature","Seasonal Normal Temperature",2023-12-25,5.35,"DegC"
"Seasonal Normal Temperature","Seasonal Normal Temperature",2023-12-26,5.32,"DegC"
"Seasonal Normal Temperature","Seasonal Normal Temperature",2023-12-27,5.3,"DegC"
"Seasonal Normal Temperature","Seasonal Normal Temperature",2023-12-28,5.27,"DegC"
"Seasonal Normal Temperature","Seasonal Normal Temperature",2023-12-29,5.24,"DegC"
"Seasonal Normal Temperature","Seasonal Normal Temperature",2023-12-30,5.18,"DegC"